title_cluster,template_cluster,main_category,title,description,features,average_rating,rating_number,price,parent_asin
1,5,All Beauty,"(6 Pack) 8 Oz Plastic Jars with Lids, Clear Plastic Square Jars with Smooth Black Plastic Lids - 70mm - 240mL Volume by Grand Parfums - Empty 8 Oz Jars with Lids","['SQUARE PLASTIC JARS: Beautiful 8 Oz Square Clear Plastic Jars with Flat Sides, and Colorful Lids for Cosmetics, Scrubs, Bath Salt, Cosmetics, Creams, Lotions Kitchen Projects and Crafts. FABULOUS LID COLORS AND JAR COLORS: Choose Your Favorite Lid and Jar ColorPERFECT SIZE: (70/400 Closure Size) 240mL Volume, Unusual Shape, With a Wide Mouth for Easy Access Great Storage Jar BPA-Free Plastic']","['GREAT FOR STORING ANYTHING: Food, Cosmetics, Beads, Cosmetic Puffs Garage Essentials. Whatever you put in the Wide Mouth Jars, You will Find Our Containers accessible and Useful.'
 'SAFE TO STORE EVERYTHING: BPA-Free Plastics will Not Leach Dangerous Chemicals. Safe and Great for Children and Babies! PET plastic Can easily be used with Essential Oil Products'
 ""QUALITY, 8 Oz SQUARE PLASTIC CONTAINERS WITH LIDS, MADE IN THE USA: You won't be disappointed in our Quality Product, with Gorgeous Colored Caps/ Tops and Jar Colors. Choose Your Favorite!""
 'HOLDS A FULL 8 OZ in VOLUME: Perfect for your Craft Project, Sugar Scrub, Salt Scrub, Body Lotion, Cream, Whips, Homemade Ketchup, Home and kitchen uses like loose tea, coffee, herbs and spices!'
 'BEAUTIFUL PACKAGING TO SHOWCASE YOUR PRODUCTS: Large 240ml PET Plastic Empty Jars with Square Flat Sides 240 ml, 70/400 Closure, Easy to Dress up for a Store, Spa or Market, or Showcase at a Crafts Fair']",4.4,32,14.55,B0957TPWQJ
1,5,All Beauty,"10 Pcs Plastic DIY Empty Lip Balm Crafting Tubes Refills Container Lipstick Lip Gloss Storage Container Tube for Crayon Lipstick,Homemade Lip Balm(Pink Gradient)",[],[],4.6,3,,B07XYQCK5Z
1,5,All Beauty,"10 Pcs Silicone Travel Bottles Set, Travel Size Containers, Leak Proof Squeezable Tubes with Keychain and Retractable Badge Holders, Reusable Bottle for Toiletry, Shampoo, Liquid, Cosmetic (1.3 Oz)",[],[],4.4,11,,B08GQZYCWT
1,5,All Beauty,10 Pieces 100 ml Plastic Empty Bottles Empty Shampoo Pump Bottles Lotion Pump Bottles for Travel Outdoor Camping Business Trip (Blue),[],[],4.4,154,,B086N1D8FV
1,5,All Beauty,10 Pieces 30 ml Mini Assorted Travel Bottles Holder Kids Cute Cartoon Portable Plastic Leak Proof Bottles Keychain Carriers Without Liquid,[],[],4.5,20,,B08DRLFQDF
1,5,All Beauty,10 Pieces Travel Bottles 1 oz Kids Empty Silicone Containers Mini 30 ml Keychain Plastic Leak Proof Cartoon Hand Cleaner Holders (10 styles),[],[],4.1,10,,B08F2P1DXY
1,5,All Beauty,10-gram Clear Round Sample Jars with Black Cap (Bag of 50),[],[],5.0,1,19.99,B00PEAUM5E
1,5,All Beauty,100PCS Pressure Sensitive Lines Foam Tamper Resistant Seals for Cosmetic Bottle/Jar Cap Liners Tamper Seal Cap Liner Sealed (Diameter 3.5cm),[],"['Material:PS & Foam;Color:White;Size:2 sizes for your choosing 2.7cm or 3.5cm;Package:100PCS'
 '2.7cm suitable for 3g,5g packing bottle jars.3.5cm suitable for 15g,20g packing bottle jars'
 'Seal Foam Liners--They Will Adhere to Jar/Bottle Opening. Keeps Product Fresh and Sealed.'
 'It has a simple process, low price, convenient to use and good sealing performance'
 'Its tasteless features suitable for glass bottles, metal bottles, plastic bottles, food and cosmetics, bottles of solid food products for the dry domain']",4.1,199,7.97,B08JYCT3C7
1,5,All Beauty,10PCS Portable Travel Bottles 50 ml Leakproof Refillable Plastic Empty Bottles Hand Sanitizer Containers with Carabiner Keychain Bottles for Travel Outdoor Activities School,[],[],4.3,219,,B08DFJSZ9P
1,5,All Beauty,"10ml Empty Plastic Mascara Tube Eyelash Wands 3pcs, 10ml Empty Eyeliner Bottle 3pcs, 10ml Empty Lip Gloss Containers 3 pcs with 3pcs Plastic Funnel",[],[],3.0,2,,B07QWSLKYQ
1,9,All Beauty,12 Cologne Designer Samples Vial Set for Men with Velvet bag,[],[],4.3,1104,38.0,B015GJJXZC
1,5,All Beauty,12 Pieces 2 ml Empty Lip Gloss Tubes Containers Clear Refillable Lip Balm Bottle Transparent Lip Gloss Containers Plastic Lip Balm Tube Bottle with Rubber Insert for DIY Lipstick Makeup Cosmetic,[],[],3.6,6,,B08L93G8FP
1,5,All Beauty,"12 Pieces Silicone Travel Bottles Keychains Set, Include 6 Pieces Leak-Proof Empty Travel Containers Refillable Portable Bottles and 6 Pieces Retractable Badge Holders (2 oz)",[],[],3.8,32,,B08BKPGP1Y
1,5,All Beauty,12PCS 15g/15ml/0.5oz Empty Refillable Round Clear Plastic Jars Small Tins Cosmetic Container Pot Storage with Pink Screw Cap Lid for Cream Lotion Lip Balm Ointments Eye Shadow Sample Package,[],[],3.9,8,,B07MLFQ8YF
1,5,All Beauty,12PCS Amber Plastic Empty Refillable Nasal Spray Bottles Fine Mist Sprayers Atomizers Makeup Water Container For Perfumes Essential Oils Medical Use Travel (20ml),[],[],3.5,17,8.99,B076PV3XTB
1,13,All Beauty,12pcs Black Mesh Cosmetics Bag Carry Makeup Bag Zipper Compact Travel Pouch Organizer for Toiletry Pencil Case,[],[],3.8,4,,B07WN5J56Q
1,5,All Beauty,"13Pack Travel Bottles Set -3Oz Leakproof Silicone Travel Bottles, Squeezable Travel Size Containers, TSA Approved Travel Toiletry Bottles, Travel Containers for Toiletries for Shampoo Lotion Soap",[],"['Perfect Silicone Travel Containers: 13 pcs leakproof travel shampoo bottle set, portable & lightweight, easy to carry & clean. You will get: 4 Pcs Silicone TSA Approved Toiletry Bottles[3oz ] + 2Pcs 10g Cream Boxes(10g) +2Pcs 20g Cream Boxes+1Pcs 30ml Travel spray bottle+1Pcs 50ml spray bottle+2pcs Spoons + 1 Zip Bag + 1 Clean Brush, Perfect for your personal travel or business trip.'
 'TSA Approved Size Travel Bottles: Cinlitek Travel Bottles are made from soft silicone, easy to squeeze, perfect for shampoo, conditioner, body wash, soap or other toiletry. 85ml in capacity and TSA carry-on approved, ensures you no more hold ups or hassles at the airport, luggage accessories for travel.'
 'Leak Proof Travel Bottles Design: With their anti-leakage design, these soft and squeezable travel soap container will only dispense bottle contents when its silicone body is pressed. Each silicone bottle container are designed by leak-proof air valve and three layers covers, so the travel toiletry bottles can protect your personal items from leaks, spills or drops.'
 'Versatile, Stylish, Organized & Lightweight : Cinlitek tsa travel bottles is ideal for carry-on luggage, travel, cruise, business trips, gym, camping, picnic, beach, cosmetics, and is a perfect gift for any occasion. Avoid the hassle of lugging around large bottles on your next vacation or business trip by using our convenient 13 pack leakproof travel bottles set which offers a variety of see-through containers that are perfect for all of your personal toiletries.'
 'Convenient & Reusable 3 oz Travel Containers: Large opening of our 3 oz travel toiletry containers makes refills and cleaning easy. Other plastic bottles are hard to fill and leak under changes in pressure. You can easily clean these leak proof containers by soaking in warm soapy water or by using the dishwasher (top rack only)']",4.4,9,,B09G9KCJPD
1,5,All Beauty,"14 Pcs Travel Bottles Set for Toiletries, FHDUSRYO Leak Proof Squeezable Travel Containers, Refillable Empty Pump Spray Squeeze Bottles Travel Accessories for Cosmetic Shampoo Conditioner Lotion",[],"['【Package included】You will receive 2 spray bottles (100ml), 1 pump bottle (100ml), 1 flip cap bottle (100ml), 4 silicone bottles (60ml), 3 cosmetic jar pots with lids (10g), 2 funnels and 1 cream spatula. Our travel bottle set for toiletries is suitable in size, easy to carry, and the best choice when you are traveling.'
 '【Silicone bottle】The soft oval silicone bottle is easy to squeeze that you could control the the amount of product extruded and squeeze out the last drop avoid waste. The flip top with leak-proof design could be opened quickly and keep the contented liquid intact. Choosing durable silicone bottles to carry toiletries or lotion is both reassured and economical.'
 '【PE bottle】Three kinds PE bottles for various use are made of thick high-quality plastic. The sturdy bottle is transparent, and you can easily identify the inner contents and its remaining. The spray bottles and pump bottle with protective cap and clip that could effectively prevent accidental pressing. Avoid spilled liquids making a mess of your luggage.'
 '【Plastic cream jars】The plastic cream jars is equipped with spiral cap which is easy to tighten and not easy to spill. And each cream pot has a inner cover that enhance its sealing performance. You can use these jars to store your skin care products, or any small items.'
 '【Widely use】This washable and reusable travel containers set could be use to store shampoo, shower gel, sunscreen, lotion, face cream, mask, perfume, etc. Bring these high quality bottles but not the whole bottle of toiletries or cosmetic, will reduce the weight of your luggage. Choose this travel set to guarantee a comfortable, pleasant travel or exercise experience for you.']",5.0,7,9.49,B0BB6VV38F
1,5,All Beauty,"15 Pieces Empty Lip Balm Tubes Refillable Lip Oil Bottles, Ice-cream Shape Lip Gloss Tube Pencil Shape Lip Balm Containers Coke Bottle Shaped Lips Balm Tube and 4 Pieces Funnels for Women Girls",[],[],3.9,30,,B0899R49G9
1,5,All Beauty,"16 Pack 2oz Amber Glass Spray Bottle, Empty Amber Mist Spray Bottles with Fine Mist Sprayer & Dust Cap for Essential Oils, Perfumes(1 Brush,3 Extra Sprayers,2 Funnels,2 Droppers & 35 Labels Included)",[],[],4.7,208,,B0876WC4S5
1,5,All Beauty,"16 Pieces 5 ml Lip Gloss Tube with Wand Empty Plastic Lipstick Sample Refillable Lip Balm Tube Container Lip Gloss Tube with Rubber Stopper, 4 Funnel for Cosmetic, Toiletry, Liquid (Black)",[],[],4.1,36,,B08G8FPGZ2
1,5,All Beauty,16 Pieces 5 ml Mini Leopard Design Empty Lip Gloss Tube Plastic Lipstick Sample Bottle Refillable Lip Balm Container with Inserts and 4 Pieces Funnels for Women Girls Cosmetic Liquid Travel Home,[],[],3.9,19,,B08D3HRN77
1,5,All Beauty,16oz 500ml Empty Plastic Spray Bottles for Cleaning Solutions Tattoo Flower Mist Bottle Hair Salon Tool Hair Dressing Refillable (1),"[""Keep Your Home Clean & Make Your Job Simpler With Hildbrandt Plastic Spray Bottles! We combine a functional and ergonomic design with quality materials to bring you a cleaner sprayer bottle that can handle all your daily use. These plastic spraying bottles are ideal for keeping bathrooms, kitchens, cars, and other spaces in your home clean while being lightweight and portable enough to accompany you on jobs without tying you down. plastic spray bottle are versatile, easy to clean, and a must-have for any home. Safe For Most Oils & Chemical Solutions - These HDPE spray bottles feature a leakproof and ergonomic design to bring you the ideal clearning solution and rubbing alcohol spray bottle. Thanks to the chemically resistant plastic we use, Hildbrandt spray bottle's for gardening and cleaning can be used with most cleaning solutions, BBQ oils, essential oils, bleach, sanitizers, and any other fluids you have in mind to make cleaning, grilling, and sanitizing faster and simpler. More Features You’ll Love: - Simply hand wash with detergent or soap and they will be ready to use again - 302 stainless steel spring is resistant to rust and corrosion. Featuring a no mess, no fuss ON/OFF nozzle that sprays when you need it and doesn't leak when you don't need it.""]","['【 DURABLE 】 Each spray bottle for cleaning is made of durable HDPE plastic that features a polypropylene spray head along with 302 stainless steel spring, precision valve, secure cap closure, and piston to ensure the sprayer are durable enough to handle daily use'
 '【 FOR MOST CLEANING FLUIDS 】 Our spray water bottles use strong resistant HDPE plastic that is suitable for use with most fluids and won’t shatter or crack if dropped. Our spray bottles are Bleach, Vinegar, Rubbing Alcohol safe.'
 '【 VERSATILE 】 These 16oz / 500 ml plastic spray bottles are designed for Residential, Commercial, and Industrial Use. These spray bottles are perfect for spraying cleaning solution around your home, washing pets, preparing BBQ, watering plants, detailing cars and more!'
 ""【 ON / OFF VALVE 】 Designed with an ON/OFF to ensure it is spraying only when you need it to and not dripping when you don't want it to.""
 '【 ERGONOMIC & PORTABLE 】 The easy squeeze ergonomic trigger allows you to comfortably use the sprayer bottle while the leakproof secure cap closure makes sure you don’t have to worry about any accidental leaks. These spray bottles are lightweight and sturdy enough to accompany you on all your jobs as well.']",1.0,1,5.99,B07DQD3F1P
1,5,All Beauty,"18 Pieces Empty Travel Size Bottle with Keychain Holder Set, Includes 6 Reusable Refillable Flip Cap Bottle 30 ml, 6 Keychain Holder Pouch, 6 Wristlet Keychain Lanyard for Soap Liquid Toiletry",[],[],5.0,8,,B08G4ZWQBF
1,5,All Beauty,2 Pack Plastic Spray Bottles 500ml 17oz Water Spray Bottles for Hair and Cleaning Solutions (Pink and Blue) By Angoodden,[],[],4.1,151,,B086J2FLRK
1,13,All Beauty,"2 Packs Denture Bath Case Set, Denture Brush Retainer Case, Dentures Container with Basket Denture Holder for Travel, Overnight Soaking (Blue+Green)",[],[],4.7,5,,B091TPMY1V
1,13,All Beauty,"2-piece Hanging Fashionista Accessory Travel Bag Set - 1 Folding Case with Small Pouches (For Jewelry, Coupons, Makeup, Make-up) & 1 Folding Case with Larger Pouches (Bathroom Toiletories) Travel Accessory Case in Fashionable Black and White Zebra Print Pattern",[],"['2-piece Hanging Fashionista Accessory Travel Bag Set - 1 Folding Case with Small Pouches (For Jewelry, Coupons, Makeup, Make-up) & 1 Folding Case with Larger Pouches (Bathroom Toiletories) Travel Accessory Case in Fashionable Black and White Zebra Print Pattern']",5.0,1,,B00CN3JIBO
1,5,All Beauty,20 Pcs Lip Gloss Tubes Empty Balm Bottles Lip Balm Tubes for DIY Cosmetic Sample Containers,[],[],4.4,58,,B08DTXDZ2X
1,5,All Beauty,"20 Pieces 10 ml Empty Mascara Tube Refillable Eyelash Wand Tube Plastic Eyelash Cream Container Bottle with 20 Rubber Insert and 4 Plastic Funnel for DIY Cosmetic Oil (Gold, Silver, Rose Gold, Black)",[],[],4.5,21,,B08CMZGDCJ
1,5,All Beauty,"20 Pieces Valentine's Day Empty Plastic Lip Gloss Tube Refillable Lip Balm Bottle Reusable Sample Bottle Container with Gold Lid for Lipstick Cosmetic Women Girls, 3 ml",[],[],4.6,148,,B08747Y8RW
1,5,All Beauty,"24 Pieces Empty Lip Gloss Tube Bottle Refillable Lip Glaze Bottle with Wand Mini Lip Oil Sample Bottle Container with 4 Funnel for Travel (Black with Silver, White with Silver)",[],[],4.1,35,,B08DFBMWZD
1,5,All Beauty,"24 pcs Lip Gloss Tubes clear Empty Lip Gloss Balm tubes Containers Empty Lip glosses Tube 10ml ,Refillable Soft Empty Tubes,With 2 Pcs 60 ml Plastic Syringe Dispensing for DIY lip gloss Balm tube cute",[],[],4.6,277,,B083ZQGM55
1,5,All Beauty,"2oz / 60ml Glass Spray Bottles for DIY Refill, Essential Oils, Pillow Mists,Fine Mist Spray -3Packs Amber Color",[],[],4.5,74,,B088YHN4JT
1,5,All Beauty,3 Pack 120ml Color Push Down Empty Bottle Dispenser for Makeup Remover Nail Polish,[],[],3.5,86,,B0823V4L3D
1,5,All Beauty,"3.4oz Spray Bottle, Refillable Small Spray Bottles Suitable for Travel Cleaning Solutions, Homemade Cleaners, Makeup Bottles, Plants- BPA Free, Plastic Spray Bottle, 5 Pack",[],[],4.5,336,,B08618VV21
1,5,All Beauty,30 Pieces Hand Sanitizer Keychain Holders 10 Empty Travel Size Bottle with Flip Cap 1oz Container 10 Reusable Bottle Holders 10 Wristlet Keychain for Backpack and Purse(Multiple Patterns),"['10 pieces 30ml reusable empty travel bottles, 10 pieces bottle keychain holders and 10 pieces wristlet keychains in different eye-catching styles for travel outdoor supplies.'
 'Function：'
 '-Exquisite patterns, bright colors and very eye-catching and creative. A variety of styles to meet your different outfit. -These chic patterns will add warmth and sweetness to your life. -High-quality neoprene is soft,comfortable,healthy and durable. - Compact leak-proof travel bottles, reusable and refillable. -Keychain holder set ensure that the key will not be easily lost. -Empty travel bottle keychain holder set is small and convenient, easy to carry.'
 'Compatible with：'
 'Suitable for travel, picnic,vacation,camping,beach,cycling,party, office and family use Store various toiletries,hand sanitizers,liquids,creams,cosmetics, lip balm, lotions, perfumes and other cosmetics'
 'Attention：'
 'Please note that neoprene material may has some smell, please air out before use. Manual measurement, please allow slight size errors.  The bottles are empty and liquid is not included. Screen settings may appear slightly different color.'
 'Specifications：'
 'Color: as shown in pictures Material:Neoprene (Holder) & Plastic (Bottle) & Metal (Key ring) Bottle keychain holder size: approx. 4.7 x 2.4 inch (H x W) Wristlet keychain size: approx. 5.3 x 0.7 inches (H x W) Bottle capacity: approx. 30 ml'
 'Packages included：'
 'Empty travel bottle x 10  Bottle keychain holder x 10  Wristlet keychain x 10']","['【What You Get】- You will get 10 travel bottle keychain holders, 10 wristband keychain lanyards, and 10 empty 1 ounce (30 ml) plastic travel bottles. They can meet your various requirements and not bring much burden, perfect for travel and daily use'
 '【Size】- The empty travel bottle has a capacity of approx. 1 ounce/ 30 ml and measures about 3 x 7.7 cm/ 1.2 x 3 inches; the size of the chapstick keychain holder is about 12 x 1.8 cm/ 4.7 x 0.7 inches; And the wristlet keychain measures about 15.3 x 2.6 cm/ 6.1 x 2.4 inches'
 '【Waterproof Material】- The travel bottles keychain holder set is made of neoprene material and high-quality plastic, it is tightly sealed to prevent leakage. It is reusable and can be washed with water. Very suitable for safe storage of toiletries, perfume and other liquids'
 '【Warm & Intimate Gift】- The 30-piece empty travel bottle keychain holder set are suitable for those who need to go to school, work, go shopping, sport or travel. Our empty travel bottle with keychain set is printed with exquisite and fashionable patterns, which can be matched with all kinds of clothes or bags, very convenient and beautiful'
 '【Portable and Reusable】- Each travel bottle is about 30ml/1oz. It can provide a suitable capacity to store various toiletries, liquids, cosmetics, lip balm, perfumes and other cosmetics. The travel bottles set is convenient and practical, suitable for travel, picnic, vacation, camping, biking, party, office and family use']",4.6,47,,B093GTMK7V
1,5,All Beauty,"30pcs 8ml Mini Clear Soft Empty Lip Gloss Tubes Container, Refillable Empty Lip Balm Tubes, Mini Lip Gloss Containers for Women Girls DIY",[],[],4.5,63,,B07TLMJZVG
1,5,All Beauty,"3PCS Perfume Atomizer, 10ML Travel Perfume Bottles, Mini Refillable Perfume Atomizer Bottle, Premium Fashion Empty Perfume Bottle - Bixbsone （1 Golden + 1 Silver + 1 Black)",[],[],4.0,183,,B08ND53881
1,5,All Beauty,"3oz Travel Bottle, TSA Approved Travel Bottles, KoHuiJoo Refillable Cosmetic Size Toiletries Travel Containers Squeezable Leak Proof Silicone Travel Bottles for Shampoo Cream Lotion (5 Pack)",[],[],4.4,92,,B07T44XVNL
1,5,All Beauty,4 Ounce Amber Glass Bottles with Black Hand Pump with Gift Card & Envelope [Pack of 4],[],[],3.6,3,,B012196C40
1,5,All Beauty,"4PCS Fine Mist Spray Bottle, 3.4OZ Portable Refillable Make Up Spraying Bottles,Travel Misting Bottled, 100ml",[],[],4.3,30,,B087C37S8J
1,5,All Beauty,"4pack Vacuum Moisturizer Jar, Cream Jar Vacuum Bottle Dispenser, Pump Jars For Lotions And Creams (1 oz*4pack)","['4pack Vacuum Moisturizer Jar, Cream Jar Vacuum Bottle Dispenser, Pump Jars For Lotions And Creams 1 oz*4pack , 4 件装真空保湿霜罐,奶油罐真空瓶分配器,用于乳液和乳霜的泵罐 1 盎司*4 件装 , 4팩 진공 모이스처라이저 병, 크림 병 진공 병 디스펜서, 로션 및 크림용 펌프 병 28.3g 1온스 4팩 , Paquete de 4 tarros hidratantes al vacío, dispensador de botellas al vacío, tarros de bomba para lociones y cremas 1 onza x 4 unidades , 4 件裝真空保濕霜罐,乳霜罐真空瓶分配器,乳液和乳霜的泵罐 1 盎司*4 入 , Pacote com 4 frascos de hidratante a vácuo, frasco de creme, dispensador de garrafa a vácuo, frascos de bomba para loções e cremes 30 ml x 4 unidades , חבילה של 4 צנצנות לחות ואקום, מתקן בקבוק ואקום צנצנת שמנת, צנצנות משאבה עבור קרמים וקרמים 28.3 גרם * 4 חבילות , عبوة من 4 عبوات من برطمان مرطب بتفريغ الهواء، موزع زجاجات كريم مفرغ، برطمانات ضخ لللوشن والكريمات 1 اونصة × 4 عبوات , 4 Stück Vakuum Feuchtigkeitsspender, Sahnegläser, Vakuumflaschenspender, Pumpgläser für Lotionen und Cremes 28 ml x 4 Stück']",[],3.0,4,,B0BRXPHX7F
1,5,All Beauty,"5 New,, White, Empty, 2.5 oz Deodorant Containers with Caps",[],[],3.6,24,,B00V7E5GVG
1,5,All Beauty,"5 PCS Hand Sanitizer Holder for Backpack, Empty Hand Sanitizer Keychain Travel Bottles |Plastic Refillable Containers Bottles with Sleeve Leakproof Squeeze Containers Flip Cap for School(5 Colors)",[],[],3.9,61,,B08CDVH2XZ
1,13,All Beauty,"5 Pairs Chapstick Holder Keychains Lipstick Holder Keychains,Neoprene Wristlet Lanyards with Metal Clip Cords Suitable for Chapstick Tracker and Safeguard",[],[],4.3,5,,B08DFSKL9H
1,5,All Beauty,"50 Pieces Empty Lip Gloss Containers Lip Gloss Tubes, Refillable Lip Balm Bottles Plastic Lipstick Tubes with Rubber Inserts Cosmetic Tools for Women DIY Makeup, 10 ml (Rose gold)",[],[],4.0,31,,B08L3NMR7B
1,5,All Beauty,6 Pack Clear Plastic Pump Bottle 16oz,[],[],4.1,12,,B08FY45B3H
1,5,All Beauty,"6 Pack Clear Spray Bottles Set Refillable Container Fine Mist Spray Bottles+Funnels+Spray Nozzles+Pipettes and Stickers for Cleaning,Perfume,Portable Fine Mist Spray Bottles and Perfume - 4 oz 100ml",[],[],4.3,80,,B08BNP7HXM
1,5,All Beauty,"6 Pack Portable travel bottles-30ml Flip Cap Reusable Bottles Keychain Carriers for Travel Outdoor Camping Supplies, Metal Buckle Include, Set of 6",[],[],4.3,30,,B08G83G24X
1,5,All Beauty,"6 Pack Refillable Amber Glass Spray Bottles 16oz W/Upgraded Spray Nozzle For Essential Oils,Cleaning Solutions,Hair Care,Gardening,Alcohol Spray etc(Brown Bottles,Nozzle,Caps,Brushes & Labels Incl.)",[],[],4.5,19,,B087QMJHJX
1,5,All Beauty,"6 Pieces Mist Spray Bottles Refillable Fine Mist Sprayer Transparent Plastic Mist Bottle with Funnels for Travel, 100 ml",[],[],4.2,36,,B086JTSXWV
1,5,All Beauty,6 Pieces Travel Plastic Bottles Clear Empty Bottle Containers with Reusable Keychain Holders Bottle Key Chain Holders for Travel Outdoor Supplies (Unicorn Design),[],[],5.0,5,,B08DJ5JTGP
1,5,All Beauty,"6pcs Spray Bottles, 1oz/30ml Clear Empty Fine Mist Plastic Mini Travel Bottle Set, Small Refillable Liquid Containers with 2pcs Funnels and 32pcs Labels (6 Pack)",[],[],4.4,41,,B087JH8Z7J
1,5,All Beauty,6pcs children's liquid soap container portable empty bottle hand sanitizer holder cartoon 30ml leak proof refillable plastic travel bottle with removable silicone protective cover,[],[],3.9,23,,B08DVC2KGJ
1,5,All Beauty,8pack 1oz travel size bottles travel bottles of hand sanitizer silicone cover plastic bottle portable carry-out silicone hanging bottle (random color),[],[],4.4,44,,B089ZZ1F85
1,13,All Beauty,ABC New Camera Backpack Bag Waterproof DSLR Case for Canon for Nikon for Sony (Green),['Package Content:  1X SLR Camera Bag Case (NO Retail Box. No camera. Packed Safely in Bubble Bag)'],"['Stylish sling with color lining, compatible with most DSLR cameras;'
 'Holds DSLR camera body with attached lens and 1-2 additional lenses and accessories;'
 'Adjustable, padded dividers allow you to customize the camera compartment;'
 'Adjustable, padded dividers allow you to customize the camera compartment; Two external mesh pockets for accessories;'
 'External dimensions: 260x300x180 mm;Material: Polyester']",3.6,14,,B01GG311IY
1,5,All Beauty,"AKOAK 6 Pcs Plastic Square Single-shoulder Empty Baby Bottles with Flip Baseball Caps, Reusable Travel Baby Bottles",[],[],2.9,6,,B01N3YNWIH
1,13,All Beauty,"AW Rolling 2in1 14x9x29"" Silver Aluminum Cosmetic Makeup Artist Train Case Hair Style 38"" Lockable Box Travel",[],[],3.5,18,,B00YBWDR7Q
1,0,All Beauty,"Acrylic Clear Covered Makeup Brush Holder with Dustproof Lid, Pearls Beads, Large Capacity for Cosmetic Brush Storage (Black).","['Makeup Brush Holder with Dustproof Lid, Pearls Beads, Large Capacity for Cosmetic Brush Storage']",[],4.7,162,,B07MJDPVMB
1,5,All Beauty,"Airless Pump Bottle Refillable, Yebeauty Air Pump Bottle Travel Container -- 50ml, Pack of 2",[],"['NON-TOXIC MATERIAL: Yebeauty travel airless pump bottle is made of high quality plastic MS, AS and PE, non-toxic and reusable, will not pollute your product and do harm to your health'
 'CAPACITY:50ml /1.69oz; each package contains 2*airless bottle'
 'VACUUM DESIGN: Differ from normal airless pump bottles for cosmetic, this vacuum bottle is cleaner and user-friendly, the products inside will not be polluted and wasted, prevent the product from leaking efficiently'
 'PORTABLE: Designed in a mini size, this empty bottles is suitable for short trip and daily use, it will also be an ideal container for body lotion, shampoo and other cream products; It will not take much space of your bag or luggage, convenient to carry'
 'AFTER-SALES: Please feel free to contact us if you have any question and suggestion, we are very happy to help and listen']",3.9,18,,B07PM44Y7R
1,5,All Beauty,Airless Pump Bottle Silver Frosted 1 oz (30 mL),[],[],3.2,21,,B00D8PT7IA
1,13,All Beauty,Arvok Travel Makeup Bag- Portable waterproof Cosmetic Pouch Multifunction Train Case Pencil Case Handy Toiletry Clutch/Purse/Organizer Kit for Women (Black),[],[],4.0,44,,B01NALH3J1
1,0,All Beauty,BAGNN Makeup Brush Organizer Holder Travel Makeup Brush Bag Clear Cosmetic Brush Storage Fit for Cosmetic Box Artist Pencil case with 12 Slots (Brushes Not included),[],[],3.9,26,,B0BNJ2KVTP
1,5,All Beauty,"BAR5F Curve Mini Spray Bottles, 5 oz. (Pack of 2)",[],[],3.5,26,,B01GGCEHYU
1,13,All Beauty,BESU Cosmetic Bag Large Makeup Bags Portable Brushes Case Travel Kit Toiletry Bags for Women Large Waterproof Cosmetic Make up Organizer,[],[],4.0,21,,B07ZRCTX4C
1,13,All Beauty,BRAND NEW Stylish Diamond Stitch Make-Up Train Case - Compactable & Adjustable -BONUS Storage Compartments EXTRA Zipper Pockets - Perfect Portable Organizer For Travel,"['~Zen Den Essentials Limited Edition Diamond Design Make up Travel Case!!~'
 '► Made with Durable Nylon - Easy to wipe clean - No mess, No Fuss!'
 '►Compactable Case with Adjustable Compartments'
 '► Beautiful Elegant Design - Stylish Diamond Stitch Pattern'
 '► BONUS Features: TWO Zipper Pockets for Storage'
 '► Adjustable Compartments for Optimal Organization - Design 6 Unique Sized Compartments to Suit Your Sizes'
 '► Sturdy Carrying Handle for Travel - Great for Travel, Easy to Transport'
 '► Unique Section Designed for Make Up Brushes - Secure Your Brushes All in One Place'
 '► Strong & Secure! Sturdy Gold Double Zipper with Room to Attach Padlock for Protection Light-weight and Easy to Carry']","['BEAUTIFUL MODERN DESIGN!: Timeless Black & Gold with Elegant Diamond Stitch Pattern.'
 'COMPACTABLE & ADJUSTABLE!: Tailor-Make Your Own 6 Compartments to Fit Your Needs with 5 Dividers. Easily Compacts to Fit into a Backpack or Small Suitcase'
 'MESS-FREE!: Made From Water-Resistant Premium Nylon - Easy to Clean. No Mess, No Fuss!'
 'PLENTY OF STORAGE! Specialized Make up Brush Compartment & BONUS Zipper Compartments to Store More of Your Valuables.'
 'MULTI PURPOSE!: Store your Make Up, Cosmetic Accessories, Toiletries, Electrical cords & More. Comes with Strong Carrying Handle for Travel. *Cosmetics not included*']",4.3,17,,B074TWT2NF
1,5,All Beauty,Bamsod 7Pcs 3ml Colorful Roller Bottles Steel Ball Essential Oil Bottle Vials Glass Perfume Sample Container with Black Cap,[],"['The octagonal thick glass roller bottle is very beautiful and cute. It is more durable than the thin glass roller bottle and can protect your essential oil well.'
 'Small and lightweight, it is easy to carry when traveling, and it is also very suitable for home use. Steel ball balls can apply the essence more evenly and feel better.'
 'Material: glass + Steel ball + plastic cap, color: 7 colors as photo shown, capacity: 3ml, size: 52x18mm / 2.05x0.71 inches.'
 'Suitable for loading a variety of essential oils, complex essential oils, vegetable oils, flavors, perfumes, fragrances, etc.']",4.8,9,,B08HCLYND8
1,5,All Beauty,Bar Products Drink Mixer Set - Cocktail shaker 24 oz. Jigger and Mojito Muddler. Create Delicious Beverages with this Stainless Steel kit.,"[""Prime Collection. Our Brand was born to provide the most wanted bundled products, by making them quickly available at affordable prices, using the simplest, yet secure packaging to save on cost and passing those savings to our customers, saving time, money and added dues when getting our pre-bundled quality items. OUR SUPERIOR QUALITY - Sets US apart from the rest, where you don't have to buy another one again.""]","[""WORRIED ABOUT LEAKS? - Our Classic Clobber is designed to prevent any accidental spillage. However, like all mixers you do still want to try to hold the cap on while shaking so your drink doesn't go everywhere.""
 'PERFECT SIZE MIXER and DOUBLE sided cup - Holds up to 24 liquid oz and measures 7.5” inches x 4” inches and 8.5”. EXCELLENT capacity to make individually crafted alcoholic beverages or multiple chilled shots.'
 'EASY TO CLEAN - Wash and Dry by hand for best results. Using the dishwasher might contribute to rusting, spotting or staining, since water temperature combined with Chemicals, salt or minerals (softened water) can react with the metal. If you use the dishwasher it should be placed in the upper rack and spaced far enough away from other materials so as to ensure proper washing and drying.'
 'MARTINI TIME - Enjoy Cosmopolitans, Margaritas and Caipirinhas, even if you prefer Mint Juleps and Old Fashions, you will have a great time with your friends and family. Plus, you will receive our 100% Money Back Guarantee.'
 'High impact polymer SMASHER for through mashing of MINTS, FRUITS, AND SPICES. it will release every ounce of juice and flavor and fit nicely in your COLLINS glasses']",4.6,11,,B01E9X5XTG
1,13,All Beauty,"Beautify Large Cosmetic Organizer Case - 14"" Professional Aluminum Makeup Storage Box (Pink Blossom Beauty Train Case with Lock)",[],[],4.0,25,,B01M1MYD6N
1,13,All Beauty,"Beautify Mirrored Rose Gold Glass Jewelry Box w/ 4 Drawers, Velvet Lining & Glass Cleaning Cloth (6.4” x 3” x 6.9”)",[],[],3.3,53,,B01LB1ZLGE
1,13,All Beauty,"Beautify Professional Aluminum Large 14"" Beauty Cosmetics and Makeup Train Case with Lock (Zebra)",[],[],3.9,16,,B015JGPLHG
1,5,All Beauty,Bekith 2 Pack 5oz Spray Bottle,[],[],4.5,273,,B07JHBNKHX
1,13,All Beauty,Betsey Johnson Nylon Quilted Bow Train Top Handle Cosmetic Case Holder - Black,[],[],4.8,6,,B075JWRBRK
1,5,All Beauty,Bettli Clear Lipstick Keychain Holder Case Carriers 3 Pieces with 3 Pieces Refillable Bottles 30ML Flip Cap Small Empty Travel Bottle,[],[],4.5,4,,B08DSN56T3
1,5,All Beauty,"CCbeauty Fine Mist Spray Bottle,10 Oz/300ml Empty Hair Spray Bottle Barber Mist Sprayer Bottle for Curly Hair, Hair Cutting, Hair Styling, Houseplant, Cleaning,Black and White",[],[],4.3,103,,B07B2P71Z8
1,13,All Beauty,"Caboodles Miami beat - take it touch-up tote | travel-sized costmetic organizer, Miami Beat - Neon Pink","[""Take it down to Miami beach with this retro touch-up tote. Featuring a large mirror, Auto-Open tray for makeup, and sweet new colors, you might need to take two. Go on, we won't tell.""]","['Caboodles - the inventor and leader of on-the-go cosmetic organization since 1987'
 'Take it touch-up tote cosmetic case is not much bigger than a wallet, and fits in the average purse or travel bag | size: 8.125"" X 5"" X 1.9375""'
 'Multi-compartment organizer is perfect for cosmetic organization, craft organization, jewelry organization, and hair accessory organization'
 'Includes a large fashion Mirror and Auto-Open tray'
 'Snap-tight lid for Secure travel']",4.5,299,,B0BFGRJV4H
1,13,All Beauty,Caboodles Tapered Tote Sassy Makeup Cosmetic Bag (Purple Heavy Glitter),[],[],4.4,10,,B00S8LS5DC
1,13,All Beauty,"Camouflage Pencil Cases Zipper Pencil Pouch Canvas Pencil Bag Cosmetic Brush Bag, Set of 4",[],[],4.2,83,9.98,B07DBQG3CX
1,5,All Beauty,China Glaze Travel in Colour 81400 0.325 Oz (9.6 Ml) - 3 Pack,[],[],4.3,17,,B01CPTODKQ
1,13,All Beauty,Clear 16x8x30 T-shirt Bags (100 Pack) with Crafting Insert - Reusable Retail Shopping Bags,[],[],5.0,2,,B01N33GWSL
1,5,All Beauty,Clear 8 oz Plastic Jars with Black Lids (6 pk) with Mini Jar - PET Round Refillable Containers,[],[],4.3,7,,B00R5ON4F2
1,5,All Beauty,"Clear Glass Cotton Swab Q-Tip Holder/Alcohol ISO Station 2.5""","['Clear Glass Cotton Swab Q-Tip Holder / Alcohol ISO Station 2.5""']",['Cotton Qtip Holder with Alcohol Vial' 'Solid Glass' 'ISO STATION QTIP'],4.6,33,,B07YZRTFQG
1,5,All Beauty,Clear Plastic Empty Containers for toiletries - TSA Approved Airline travel Accessories Bottles and jars BPA-free Small Cosmetic Containers for Makeup with toiletry Zipper Bag Set 13 Pcs,"['Packaging includes:'
 'A set of six travel jars (travel accessories & travel bottles).'
 'Advantages:'
 'Traveling can be stressful, but this 6-pack of Travel Container Jars helps eliminate stress by providing you with a ready to go storage jar for any contents of your choosing. Each jar is a TSA approved size and can hold 0.7 fl oz. The small size allows for extra room in your suitcase, purse, or backpack so you can make sure to bring everything you need. Each jar features a twist off lid to help eliminate the worry of spills and leaks. Whether you need a travel jar for creams, jewelry, crafts, or medication, this 6 pack of travel containers have you set. The small size jar is also perfect to store push pins, beads, and even lip balms. It is easily washed and designed to be reused. Additionally, the jars are BPA-free, safe to use. There are a variety of colors for these 6-pack travel jar sets.']","['♪Lightweight and compact--these jars fit seamlessly in your pocket, purse, handbag, back pack and luggage; Compact size allows them to go any where without take too much place'
 '♪Widely Used--They can be used for mixing or sampling cosmetics such as makeup, eye shadows, lotions, lip balms, toners, creams, ointments, and acrylic powder. They can also be used in the world of food and beverage by holding loose leaf teas, coffee, herbs, spices, jams, honey, and cooking oils. Other uses include: medication, lab and field research samples, earrings and other small jewelry, paints, glitters, and other art supplies'
 '♪High Quality --Made of high-grade acrylic that is resistant to breaking and warping from heat. Each container has a round lid and inner liners to create a tight seal that will not leak.'
 '♪Various color--Three of the most popular macarons color, three translucent bottles.When you receive the box, you will be attracted by the beautiful colors.'
 ""♪After-sale protection--As long as you are a little unsatisfied with our products, it doesn't matter, we can give you a full refund or change a brand new one to you unconditionally.""]",5.0,4,16.99,B07J6QVDYR
1,13,All Beauty,Clinique 2017 Gift set bag 7 piece Jonathan Adler Special Edition,[],[],4.2,18,,B079VG5GXQ
1,5,All Beauty,"Cobalt Blue 2 Ounce PET Plastic Jars with Black Lids, and 1 Mini Jar, 12 Pack",[],[],3.2,7,,B01LWVOVOQ
1,13,All Beauty,Cocoly Portable Hanging Toiletry Bag Travel Organizer Cosmetic Bag for Women Makeup or Men Shaving Kit with Hanging Hook,[],[],5.0,2,,B01K72H0GW
1,13,All Beauty,Cocoly Portable Travel Toiletry organizer Cosmetic Makeup Bag for Women Makeup or Men Shaving Kit,[],[],2.0,1,,B01M8KQZ60
1,13,All Beauty,"Cosmetic Bags 3 Pack Makeup bags for women,Small makeup pouch Travel bags for toiletries Nylon Zip Pouch 3 Pack for Travel and",[],[],5.0,6,,B08CH2QJ5B
1,13,All Beauty,Cosmetic Bags Makeup Case Travel Toiletry Storage Organizer for Women by H&L (Rose),[],[],3.5,5,,B07D8T69JW
1,0,All Beauty,"Cosmetic Shelf, Yoyorule 10 Hole Oval Makeup Brush Holder Drying Rack Organizer Shelf Tool (Black)",[],[],2.5,4,,B01LLBG7KS
1,13,All Beauty,"Cosmetic bags for women,Adorable Space Planet Funny Character printing Cosmetic Organizer Bag Waterproof Makeup Bags ladies Pouch",[],[],4.5,12,,B085RKD4NG
1,0,All Beauty,Countryside Flower Floral Pencil Pen Case Cosmetic Makeup Bag Set of 3,[],[],4.0,137,,B07ZRRMPXB
1,13,All Beauty,DZT1968® Clear Plastic Craft Beads Jewellery Storage Organizer Tool Box Case (Hot Pink),"['Feature:   100% brand new and high quality.   Quantity: 1   3-layers detachable desktop storage box design convenient for you storage and classify some small objects like ornaments   Carrying handle on the top of box convenient for you to carry with   High quality PP material can be stable and durable.   Item Type: Storage Box   Material: PP   Function: Desktop Storage   Design Elements: Transparent Appearance, 3-Layers, Detachable DIY Storage Space   Size: 15*15*12.5cm/5.9*5.9*4.2in (L*W*H)   Layer Height: 4.5cm/1.8in  Package Content:   1XStorage Box (NO Retail Box. Packed Safely in Bubble Bag)']","['Item Type: Storage Box' 'Material: PP'
 'Size: 15*15*12.5cm/5.9*5.9*4.2in (L*W*H)'
 'If you have any question,please contact us we will do our best to solve the problem for you'
 'Package Content:1XStorage Box (NO Retail Box. Packed Safely in Bubble Bag)']",4.1,15,,B01M19DIU2
1,13,All Beauty,Daisy Cosmetic Travel Bag 3 Pack Lightweight Durable Makeup Storage Pouches w Zip Fabric Ripstop Nylon Toiletry Organizer Bags for Purse Pretty Flower Print Teal Blue,[],[],5.0,4,,B08CH414WT
1,13,All Beauty,"DeELF Clear Makeup Organizer Adjustable 360 Rotating Cosmetic Organizer Plastic Countertop Vanity Organizers for Cosmetics, Perfumes, Lipsticks, Makeup Brush",[],[],5.0,4,,B07X1MWSSK
1,13,All Beauty,"Drawer Storage Organizer, 2 Layers Drawer Convenient Drawer Storage Box, 3 Layers Drawer(3 layers of yellow)","['Feature:'
 '1. Mini drawer storage box can help you organize your desk, keep it clean and tidy.2. It can be placed in bedroom, kitchen, living room, bathroom, etc. Perfect to store some small items.3. It is lightweight and compact, convenient to carry.4. The drawer is detachable, you can remove one/two layers to change the capacity.5. Made of superior plastic material, which is non-toxic, durable and break-resistant.'
 'Spec:'
 'Condition: 100% Brand NewItem Type: Storage BoxMaterial: PlasticWeight: Approx. 83-113gOptional Type: 2 Layers Yellow, 2 Layers Green, 2 Layers Blue, 3 Layers Yellow, 3 Layers Green, 3 Layers Blue2 Layers Storage Box Size: Approx. 13 * 9 * 8cm / 5.12 * 3.54 * 3.15inch3 Layers Storage Box Size: Approx. 13 * 9 * 11.5cm / 5.12 * 3.54 * 4.53inch'
 'Package List:' '1 * Storage Box']","['It is lightweight and compact, convenient to carry'
 'It can be placed in bedroom, kitchen, living room, bathroom, etc. Perfect to store some small items'
 'Made of superior plastic material, which is non-toxic, durable and break-resistant'
 'Mini drawer storage box can help you organize your desk, keep it clean and tidy'
 'The drawer is detachable, you can remove one/two layers to change the capacity']",1.0,1,,B08P7PXC4G
1,5,All Beauty,"Driew Pump Bottle, Pump Bottles for Shampoo 17oz Pack of 2 (Green with White Pump)",[],[],4.2,24,,B0854C3L8V
1,5,All Beauty,"Duke Cannon Gift Set - Limited Edition Military Ammo Can Includes All Four Big American Soaps, A Heavy Duty Pumice Soap, And A Stanley Screwdriver To Complete The Look",[],[],5.0,7,,B0761YVXJD
1,13,All Beauty,EVA Hard Protective Travel Case Carrying Pouch Cover Bag for John Frieda Salon Shape 1.5 Inch Hot Air Brush By Hermitshell,['EVA Hard Protective Travel Case Carrying Pouch Cover Bag for John Frieda Salon Shape 1.5 Inch Hot Air Brush By Hermitshell'],"['Hermitshell Hard Travel Storage Carrying Case Bag'
 'Protect your favorite device from bumps dents and scratches'
 'Made to fit John Frieda Salon Shape 1.5 Inch Hot Air Brush'
 'Material:EVA ,Color: Black'
 'For sale is case only (device and accessories are sold separately)']",5.0,1,14.99,B01LXB2XBJ
1,5,All Beauty,"Empty Hand Sanitizer Bottle Carrier with Leather Keychain Holder Case, 3 Pack 2oz Portable Travel Squeeze Plastic Bottle with Flip Cap for Hand Cream, Shampoo and Lotion, Leak Proof Reusable Bottle",[],[],3.8,9,,B08GK7NKKK
1,5,All Beauty,"Empty Mascara Tube With Wand Applicator and funnel for Oil - Perfume And Castor Oil - Ideal Kit for DIY Cosmetics - 8 mL - Includes 1 brush wand, 1 tube, 1 rubber insert and 1 funnel","[""Description: Empty Cylinder round container with screw cap. Transparent body, silver cap, applicator with small brush. Holds 8 ml (0.25 floz). You get 1 empty mascara tube, 1 brush wand 1 rubber insert and 1 mini flower funnel for one great low price. Enough for your spare or replacement. Portable empty mascara container- Clear mascara bottle with eyelash wand, capacity is approx. 8 ml. Empty mascara tubes are a perfect solution for your diy eyelash growth serum. BPA FREE mascara tubes come with 1 small black insert to remove the excess oil, which makes the serum preparation easier. Plastic funnel-The mini funnel can help you to easily fill oil's, perfumes and castor oil to the tube.""]","['***BPA Free Empty tube measures 4.25 inch (10.795 cm) tip to tip. Holds 8 ml (0.25 fl. oz)'
 'You get 1 empty mascara tube,1 brush wand, 1 rubber insert and 1 mini flower funnel for one great low price. Great for your spare or replacement.'
 ""Plastic funnel- the mini filing funnel can help you to easily move oil's, serums and castor oil to the tube. The upper diameter of funnel is 25 mm and Measurement: 0.98 inch (24.9 mm)""
 'Rubber insert- comes with 1 black rubber plug, helping to avoid leaking, keep air out and preserve the beneficial compounds in the oil. Great for travel and easy use.'
 'Mess free design - Make your own DIY eyelash treatment. The lip on the top of the bottle lets you wipe off excess oil with ease.']",4.3,50,,B06XK8Z26Z
1,5,All Beauty,"Empty Pump Bottles, RUCKAE Airless Pump Bottle Dispenser 4pcs 3.4oz/100ml + 1pc 1.7oz/50ml, Vacuum Travel Bottles Clear Refillable Container for Lotion, Shampoo, Liquid Soap, Essential Oils and More",[],[],4.4,121,,B087M8HDCQ
1,5,All Beauty,Essential Oil Storage for 60 Bottles - Holds 5 10 15 20 30 ml Travel Box For Young Living & Doterra bottles - Essential Oil Box,[],[],4.1,18,,B07XYLWWYQ
1,5,All Beauty,"Essential Oils Round Double-Sided Foam Insert Nylon Carry Case | Holds 18 Bottles for Convenient Travel (5ml, 10ml, 15ml and Roller Balls) | Black, Eggplant, Fuchsia and Purple",[],[],4.1,16,,B01N07XHR7
1,6,All Beauty,Estee Lauder 8 Pieces Skin Care and Makeup Gift Set with Exclusive Harper's Bazaar Iconic Cover-Print Tote Bag,"['Exclusive Lisa Perry Designer BagSumptuous Bold Volume Lifting Mascara in BlackAdvanced Night Repair Synchronized Recovery Complex IITake It Away Makeup RemoverHow To CardModern Muse Eau de Parfum SprayChoose Your Moisturizer & Eye Creme: Supreme Global Anti-Aging Creme & Eye Balm, Resilience Lift Firming/Sculpting Face & Eye Cremes OR Advanced Time Zone Age Reversing Line/Wrinkle Face & Eye CremesPick Your Lipstick Pure Color Long Lasting Lipstick in Pink Parfait or Rubellite']",[],3.7,18,,B01GUQPUMA
1,5,All Beauty,"FOONEE PE Eye Liquid Dropping Bottle (Translucence,15ml, Bag of 10)",[],[],3.0,5,,B00MCH8UW4
1,13,All Beauty,"FYY Travel Toiletry Bag for Women and Men, Large Capacity Cosmetic Bag Makeup Toiletries Kit Zippered Organizer Bag with Top Handle Pure Mint Green",[],[],4.7,16,,B085TCLBT4
1,2,All Beauty,Fantasia Spritz Super-Hold 12 Ounce Pump Clear (354ml) (3 Pack),[],[],5.0,1,,B00GMP2KF0
1,5,All Beauty,Frcolor 2pcs 550ml Empty Spray Bottle Multi-functional Plastic Spray for Home Garden (Assorted Colors),[],"['The hand pressure kettle hydraulic design, easy to use simple.'
 'Contemporary shape looks nice displayed.'
 'Ideal for moistening plants, flowers with water, insecticide, pesticide etc.'
 'These spray bottles are great to use with water as well as a variety of chemiclas and cleaning solutions. Suitable for micro landscape flowers, moisturizing, hair, etc.'
 'Perfect for all household and beauty needs, Easy grip round bottle, easy to spray, no-leak trigger.']",3.5,7,14.36,B0744JR9N4
1,5,All Beauty,Frcolor 4pcs 160ml Nail Polish Remover Push Down Pump Dispensers Empty Liquid Pumping Bottle Cosmetic Container,[],[],4.2,17,,B07NNNCQT9
1,5,All Beauty,"Gemice Glass Cosmetic Containers Empty Sample Jars with Leakproof Lids Makeup Sample Containers BPA free Pot Jars for Cosmetic, Lotion, Cream (4 Pack)",[],[],4.6,895,,B08JZG5WN6
1,13,All Beauty,Geometric Cosmetic Travel Bags Set of 3 Various Sizes Durable Makeup Organizer Pouches with Zip Cloth Compact Nylon Gray Toiletry Storage Bag for Purse,[],[],5.0,5,,B08CH5358C
1,5,All Beauty,Glass Spray Bottles Empty 16oz Boston Round Bottle Refillable Container for Essential Oils with Funnel Lables Cleaning Products Aromatherapy Lotions Liquid Soaps (BrownSilver),[],[],4.2,9,,B07T82QSXQ
1,13,All Beauty,Go2buy 3 in 1 Makeup Beauty Case Cosmetics Trolley Bag Box Makeup Organizer Nail Pink,[],[],4.3,51,,B014QM0W3W
1,5,All Beauty,"Green Plastic Pump Bottles, Suream 3 Packs 9.9oz/280ml Refillable Square Hand Pump Containers for Essential Oil Soap Lotion Shampoo, Great Soap Dispensers for Bathroom, Kitchen Sink and Travel Use",[],[],3.9,20,,B0872XT9BF
1,13,All Beauty,HDE Personal Travel Shower Organizer Hanging Toiletry Wash Bag Bathroom Tote (Black),[],[],3.8,104,,B00LPSN6XY
1,13,All Beauty,HOJ CO. Jack Zip Around Toiletry Bag - Canvas & Leather Men's Dopp Kit - Toiletry Organizer,[],[],4.1,31,,B07964VT2Z
1,13,All Beauty,HOJ CO. TREKKER Hanging Toiletry Bag | Canvas & Leather Men's Dopp Kit | Hanging Toiletry Organizer,[],[],4.4,15,,B079P5K6H4
1,13,All Beauty,"HOYOFO 2-Piece Stone Texture Cosmetic Train Case Set Makeup Bags with Mirror,Rose Red",[],[],3.7,9,,B01EA538FO
1,13,All Beauty,"HOYOFO Lace Toiletry Organizer Travel Makeup Cosmetic Bag with Brush Holders,Pink",[],[],4.4,6,,B01F6WWW84
1,13,All Beauty,"HOYOFO Travel Makeup Bag for Women Portable Cotton Make Up Pouch with Handle Cosmetic Beauty Bag, Yellow Grid",[],[],4.2,14,,B08D3Q87C2
1,5,All Beauty,"Hand sanitizer holder keychain, Empty Plastic Travel Bottles with Premium Leather Holder, Refillable Bottles Toiletries Containers for Lotion, and Liquids - Kids Men Women Portable Using (B-2PC)",[],[],3.4,12,,B08R8SGWVJ
1,13,All Beauty,Hanging Toiletry Bag for Women Travel Kit Waterproof Detachable Makeup Organizer Cosmetic Bag Travel Case with Empty Bottle Set （Green),[],[],3.2,6,,B0872VBBZS
1,13,All Beauty,"Hanging Travel Makeup Cosmetic Bag - Lady Color Foldable Organizer Travel Kit Makeup Toiletry Bathroom Bag for Women/Men, Shaving Kit with Hanging Hook for vacation (Navy Dot)",[],[],3.2,51,,B071RHXWSR
1,13,All Beauty,Hanging Travel Toiletry Bag by Love Soy Chai (Blue),[],[],4.3,54,,B07VSDZML1
1,5,All Beauty,Hawaii Maui Babe Weekender Pack Three 4 oz. bottles,[],[],4.1,17,,B003YPY98M
1,13,All Beauty,Hello Kitty Shoulder Tote Bag Travel,[],[],5.0,1,,B00XFQVO10
1,13,All Beauty,"Hibala 2Pcs Portable Clear Waterproof Makeup Cosmetic Bag Makeup Bag Toiletry Bag Wash Bag Vacation, Bathroom and Organizing Bag Travel Set for Women (Rose)",[],[],4.6,35,,B0828VK13G
1,5,All Beauty,"Hicarer 12 Packs Clear Travel Bottles Empty Travel Containers Bottle for Shampoo, Conditioner, Lotion, Toiletries (60 ml, Transparent Brown)",[],[],4.1,39,,B086YJ492F
1,13,All Beauty,Hioplo Women Multifunction Travel Cosmetic Bags Makeup Insert Pouch Toiletry Organizer Handbag Storage Purse,[],[],2.0,2,,B07K1TQKPY
1,13,All Beauty,"Holographic Makeup Bag, Veckle Clear Cosmetic Bag Large Travel Iridescent Toiletry Pouch Clutch Purse Organizer Hologram Handbag Make-up Storage Cases for Women Girls Gold Yellow Zipper",[],[],4.3,31,,B07RM1V9JD
1,5,All Beauty,"Houseables Black Jar Container, 4 Oz, 120 ML Gram Capacity, Plastic, BPA Free, Double Wall w/ Removable Inner Liners & Dome Lids for Cosmetic Samples, Cream, Lotion",[],[],3.7,52,,B01GKDZ7NK
1,13,All Beauty,IWELAI Diaper Wipes Dispenser Wipes Holder with Moisture Seal Lid Wipes Tissue Case Keep Wipes Fresh - Easy Open & Close Wipe Container (Blue),[],[],5.0,4,,B099DLHY69
1,5,All Beauty,Ibnotuiy 50PCS Lip Gloss Tubes 15ml Empty Lipgloss Tubes Containers Refillable Clear Squeeze Tubes for Diy Lip Gloss Balm Cosmetic (Gold),[],[],5.0,5,,B08K8PZDZC
1,13,All Beauty,J Garden Pink Chevron Cosmetic Hanging Bag,[],[],5.0,1,,B00JPH5XP6
1,13,All Beauty,JETEHO 10pcs White 10PCS Neoprene Travel Keychain Case Lipstick Neoprene Lip Balm Keychain Holder Lip Balm (White),[],[],4.0,6,,B07PRKK4TG
1,5,All Beauty,Juvale 4-Pack Blue Glass 16 Ounce Essential Oils Atomizer Pump Spray Misting Bottles,[],[],3.9,14,,B07GPBBWJS
1,13,All Beauty,"KOLLEE Toiletry Bag Travel Bag with Hanging Hook, Water-resistant Makeup Cosmetic Bag Extra Large Travel Organizer for Accessories, Shampoo, Full Sized Container, Toiletries",[],[],4.2,82,,B082X3C4FM
1,13,All Beauty,Kangaroo Keeper - Purse Bag Organizer As Seen On TV,[],[],3.0,29,,B003ZJIQKO
1,13,All Beauty,"Kaome Detachable Hanging Toiletry Bag Lengthened Cosmetic Organizer for Daily Use Large Capacity Waterproof Compact Makeup Bag, Perfect Gift for Her/Women",[],[],4.4,62,,B083FCYZZY
1,5,All Beauty,Keepie Factory Premium Lip Balm Containers - Little Empties Series - Cute Gift Box Set of 12 BPA Free Non-toxic Empty Clear Round Tubes with White Caps,[],[],4.7,11,,B00QUNQ8PC
1,13,All Beauty,Kids Toy Storage Organizer | Bath Spout Cover | 5 Soft Silicone Bathtub Squirts | Pink Whale | Baby Safety Products,"['This colorful bath toy and whale spout cover set makes bath time fun by stimulating your childs imagination and color cognition, and it’s also an essential bath safety accessory for any parent. The soft, durable silicone whale slips over your bath faucet to protect your child from hitting the hard metal edges of the spout. The clever design includes an adjustable strap that allows it to tighten over most standard spouts. The cute little tail is curved to let you easily hang it from a faucet or shower rod when not in use. The tough mesh organizer bag comes with 2 strong suction cups. Mount it to the side of your tub or shower wall, and keep your bathtub free from clutter after bath time. Kids will love the collection of happy animal water squirters in the shapes of their favorite ocean creatures. Made of safe silicone, our toy set and bath spout cover for kids is phthalate-, BPA-, and PVC-free. The high-quality silicone is also dishwasher safe for easy cleaning. Because of its practicality, fun design, and universal fit, it makes a wonderful gift for family and friends with small children. It can also be useful in kitchen and bathroom sinks for toddlers who are just learning to wash their hands or turn on the water. Babyproof your home bathtub and encourage imagination and creativity with this fun silicone faucet cover that kids love.']","['MAKE BATH TIME FUN: Comes with a soft silicone spout cover, bath toy organizer, and 5 baby tub toys that your child will love.'
 'COLORFUL ANIMAL BATH TOYS: BPA-, phthalate-, and PVC-free, these bright and durable silicone bath toys enhance any bath time.'
 'UNIVERSAL FIT: The baby bath whale silicone faucet cover with adjustable fins is designed to fit over most standard tub spouts.'
 ""KEEP BATH TOYS ORGANIZED: The handy mesh toy organizer keeps all of your child's favorite friends out of the way when bath time is over.""
 ""THOUGHTFUL KIDS' BATH ACCESSORIES: This children's bath toy and faucet cover set is a perfect gift for new parents, making bathing toddlers safe and worry-free for everyone.""]",4.3,15,,B08SHLM5C1
1,13,All Beauty,Kimoli Birthday Gifts for Friends Female Women Friendship Gifts Canvas Cosmetic Bag Makeup Bag for Purse,[],[],5.0,5,,B08NFNBJWG
1,13,All Beauty,Kootek Travel Makeup Bag Portable Cosmetic Organizer Train Case with Adjustable Dividers for Cosmetics Makeup Brushes Toiletry Jewelry Digital Accessories,[],[],4.6,1944,,B082WSXXND
1,5,All Beauty,LICIONE 6 Pieces 6-15ML Multicolour Car Perfume Bottles Hanging Modern Art Pendant Soft Ceramics Empty Bottle,[],[],3.7,7,,B08QR24Z3K
1,13,All Beauty,LINGJUN 4Pcs Makeup Bag Glitter Reversible Sequin Magic Bling Cosmetic Handbag Purse,['1'],[],3.0,33,,B07GR24H97
1,13,All Beauty,Lifestyle Banquet Leather Dopp Kit for Men (Black) | Travel Hygiene Bag with Multiple Compartments for Shaving or Grooming Accessories and Skin Care Products | 5.5 by 9.5 inches,[],[],4.5,92,,B07KGJJYL3
1,5,All Beauty,"Lip Balm Containers, 25 White Chapstick Tubes, BPA Free, Make Your Own Lip Gloss - 0.15oz, Made In the USA",[],[],3.9,4,,B0741CDYSK
1,5,All Beauty,"Lip Gloss Tubes,AIVS 30 Pack 10ml Clear Refill Empty Tube & Plastic Syringe Dispensing & Spray Bottle for DIY Lip Gloss Balm Cosmetic Travel Toiletries",[],[],4.7,30,,B08374WVSL
1,5,All Beauty,Lip Smacker Coca Cola Cap Tin Pot and Cherry Coca Cola Tin Pot,[],[],4.2,15,,B01DJKRJ7Y
1,5,All Beauty,"Lisapack 10oz Plastic Trigger Spray Bottle, Empty Adjustable Sprayer for Water, Cleaning Solutions (2 Settings: Fine Mist & Squirt Stream, 300ml, White)",[],[],4.2,11,,B0895SLXQ6
1,5,All Beauty,MERSUII 100 Pack New Empty Clear Plastic Cosmetic Containers 5 Gram Size Pot Jars Eyshadow Container Lot,['5'],"['Beauty & Personal Care,Tools & Accessories,Bags & Cases,Refillable Containers'
 'valid-teethpowder']",5.0,4,,B00LHB5O8O
1,5,All Beauty,"MISAZ 10 Pieces Empty Lipgloss Bottle Tube Refillable Lip Balm Bottles Plastic Lovely Ice-cream Shaped Cosmetic Samples Container DIY Lip Glaze Vials for Travle Women Makeup Girls Beauty,5ml/0.2oz",[],[],4.2,28,,B085WMV495
1,13,All Beauty,"MODARANI Portable Makeup Train Case Black Makeup Bag Waterproof 12"" Cosmetic Oragnizer Case",[],[],5.0,1,,B07FFP1RTQ
1,13,All Beauty,"MUA LIMITED 2 in 1 Pro Makeup Artist Case on Wheels, Multifunction Cosmetic Organizer with Removable Drawers, Beauty Trolley, Soft Case with PREMIUM Buckles, ULTIMATE Series - Black Leather",[],[],3.8,7,,B0777ZBM6S
1,5,All Beauty,MagJo Naturals Empty Glass Spray bottle 2 pack (BLACK SPRAYER/MIXED BOTTLES),[],[],3.7,21,,B01H2ERF4K
1,13,All Beauty,Makeup Bag/Travel Cosmetic Bags/Brush Pouch Toiletry Kit Fashion Women Jewelry Organizer with Zipper Portable Cube Purse (Alpaca Pink),[],[],4.0,9,,B0762NHN63
1,0,All Beauty,Makeup Brush Bag Travel Brushes Case Pouch Organizer Holder Dustproof for Women and Girls (Black),[],[],4.2,28,,B07Q7249NL
1,13,All Beauty,Makeup Brush Rolling Case Pouch Holder Cosmetic Bag Organizer Travel Portable 18 Pockets Cosmetics Brushes Black Leather Case (peony pattern),[],[],4.5,68,,B07W3RJLN9
1,13,All Beauty,Makeup Sponge With Holder and Powder Puff Sponge Support Display Stand (5Pcs Sponges + 1Pcs Makeup Sponge Holder),[],[],3.9,7,,B07VHKHPNV
1,13,All Beauty,Mary Kay - Brush Bag - Unfilled,[],[],5.0,4,,B00M1WFB4A
1,13,All Beauty,"Mens Dopp Kit, Travel & Toiletries Bag by Walter and Brown. Large Grey Toiletry Bag for Men",[],[],4.1,15,,B079Z6CK1P
1,13,All Beauty,Mens Travel Toiletry Bag Large Toiletries Bag Waterproof Shaving Bag for Men Grooming Bag Weekender Makeup Bag for Travel Wash bag Overnight Cosmetic Bag Large Personalized Shower Organizer Black Bath,[],[],3.8,5,,B07XJPSHYK
1,5,All Beauty,"Mifanstech 6Pcs 100ml/3oz Spray Bottle,Empty Refillable Plastic Continuous Mister Spray Bottles for Travel, Business Trips, Makeup, Cleaning (6pcs/3color)",[],[],4.1,34,,B086QGDD5M
1,13,All Beauty,Mini Makeup Box Organizer Jewelry Box Portable Dressing Table with Mirror Lock Handle for Travel Home Safe & Stylish,"['If you are looking for a safe, portable, simple and stylish, large-capacity cosmetic and jewelry storage box, then this product is a high-quality product that you should not miss'
 'Highly popular in makeup circles for its fashionable design and durability. Sliding design with 6 extendable panels, and a lock and chromed swivel handle make case secure and portable.'
 'Features:'
 '100% Brand New Brand:  Material: PVC and Alloy Metal Color: Pink & silver Size: 20 x 15 x15cm/8 x 6 x 6inch (L x W x H) Item: Cosmetic Case Pattern: Solid Function: For Makeup/Travel'
 'Package Content:' '1 x Makeup Box']","['Exterior design: Two colors of pink & silver design, simple and stylish, very popular in the makeup industry. 20 x 15 x15cm/8 x 6 x 6inch (l x w x h) portable size, with a lock and chromed swivel handle make case secure and portable.'
 'Internal design: With a mirror, it will make you more convenient and high-quality makeup and storage. sliding design with 6 extendable panels, the most reasonable use of the internal space makes it have a larger storage capacity.'
 'Target population: If you travel frequently or business trip, If you always need to pack your cosmetics temporarily, this storage box can be used as a backup dressing table for you to carry at any time, If you are worried about your makeup table being messy, If your child often damages your cosmetics, The design of the lock will keep you away from this trouble, if you often lose or forget your cosmetics and jewelry, then this storage box is your best choice.'
 'Applicable scene: Storage at home, storage and carrying when going out, long-term backup and carrying.'
 'Guarantee: Our aim is to allow every buyer to experience a perfect shopping experience. If you have any questions about the product or after-sales, please feel free to contact us, and we will reply and solve you as soon as we see the information.']",3.9,23,,B08GP9S8YN
1,5,All Beauty,Mini Travel Bottle Set Leakproof Silicone Travel Bottle Squeeze Bottle Container for Cosmetic Container Shampoo Lotion Seasoning,[],[],4.4,49,,B085WZK7GB
1,5,All Beauty,Minkissy 100Pcs 10g Empty Lip Tubes Clear Gloss Containers Refill Empty Tubes Soft Lip Balm Tube DIY Cosmetics Gloss,[],[],4.8,10,,B086TVVJ3G
1,5,All Beauty,"MoYo Natural Labs 16 oz Travel Containers, Empty Shampoo Bottles with Disc Caps, BPA Free HDPE Plastic Squeezable Toiletry/Cosmetics Bottles (Pack of 1)","['MoYo Natural Labs, commercial grade HDPE plastic 16 oz BOTTLES HDPE BPA free and made in the USA leak proof industrial container bulk set.'
 'MoYo Natural Labs HDPE bottles and shampoo containers are built to be re-used often, resisting rot and other chemicals. HDPE creates no harmful emissions during its production or during use.'
 'At 16 oz, (473 ml) these squeezable, refillable, leakproof bottles guarantee you are buying the best no leak secure disc cap that stays shut when you need it to.'
 ""Made of HDPE #2 plastic that's designed to last, our 16 oz industrial containers are perfect for all of your liquid toiletries, essential oil and beauty cosmetics.""
 'The benefits of HDPE EMPTY SHAMPOO BOTTLE Plastic:'
 '- HDPE bottles with long-lasting non-toxic plastic for your empty shampoo bottle.'
 '- Feel safe and secure with reusing your bottles over a long period of time.'
 '- Large neck making it easy to fill the bottle.'
 '- Leak-proof bottle design prevents wasting any of your valuable toiletries.'
 '- Perfect for all of your toiletry or food or liquid items that you wish to store as no spill bottles in your luggage'
 ""- OUR 16 oz CONTAINER PROMISE! If these lotion bottles from MoYo Natural Labs become compromised or leak in the first year, we'll replace your small containers, even if it is your fault. We're that confident that you'll love your new large 16 oz disc cap bottle and will continue to use MoYo Natural Labs empty liquid dispenser in the future.""
 'CLICK the ""Add to Cart"" button to order the MoYo Natural Labs HDPE 16 oz shampoo bottle and 16 ounce arts and crafts container today!']","[""BPA FREE SAVES YOU MONEY and hassle 16 ounce HDPE big bottle that don't leak. Durable food safe premium HDPE plastic is ideal for oils, toners, water. store and dispense natural soaps, lotions, shampoos, gels, massage oils, and other liquid creations,""
 'MADE IN USA LARGE bottle is guaranteed leak-proof high quality 16 oz HDPE plastic containers are built to be re-used often, resisting rot and other chemicals. HDPE creates no harmful emissions during its production or during use'
 'MoYo Natural Labs HDPE BOTTLES and shampoo containers are built to be re-used often, resisting rot and other chemicals.'
 'NON TOXIC 16 oz HDPE plastic container is food safe and built to sustain industrial strength liquid containers.'
 'LARGE BOTTLE HDPE 16 OUNCE LOTION containers and 16 oz disc cap bottles are great as a bulk purchase or wholesale bottle buy.']",4.6,4,9.99,B08NHZKQ37
1,5,All Beauty,"MoYo Natural Labs 8 oz Spray Bottles Fine Mist Empty Travel Containers, BPA Free PET Plastic for Essential Oils and Liquids/Cosmetics (Pack of 2, Blue)","['MoYo Natural Labs SPRAY BOTTLE 8 OZ HDPE plastic designated by a recyclable does not contain BPA. This leak proof plastic spray bottle BPA free set and made in the USA.'
 'MoYo Natural Labs plastic spray bottle 8 oz, reusable, refillable, washable plastic spray plastic bottle is a durable spray oil bottle. Industrial strength plastic spray bottle BPA free for liquids can be used for many of your house cleaning, traveling accessories, essential oil, hairspray and skin care needs including perfume and cologne; a safe plastic water bottle.'
 'Designed to last, MoYo Natural Labs 8 oz water bottles that spray mist will save you money and hassle.'
 'MoYo Natural Labs spray bottle 8 ounce is ideal as a hair dressing spray bottle and a plastic spray bottle for essential oils, essential skin and body care products.'
 ""OUR PROMISE! If these mist bottles from MoYo Natural Labs become compromised or leak in the first year, we'll replace your hand spray bottle, even if it is your fault. We're that confident that you'll love your new 8 ounce body spray bottle and will continue to use MoYo Natural Labs 8 oz containers in the future.""
 'CLICK the ""Add to Cart"" button to order the MoYo Natural Labs spray bottle 8 oz Travel Bottle Set and travel bottle containers. today!']","['NO LEAKING RELIABLE SCREW ON pump mist spray smaller size but put out a good amount of liquid mist spray bottles with reliable screw-on pump mist spray mist that give you peace of mind. Perfect for all of your toiletry or food or liquid items that you wish to store as no spill bottles in your luggage.'
 'BPA FREE MoYo Natural Labs spray bottle 8 ounce is ideal as a hairdressing mist bottle and an 8-ounce spray bottle for essential oils, essential skin and body care products. Designed to last, MoYo Natural Labs 8 oz plastic bottles will save you money and hassle.'
 'SPRAY MIST BOTTLES ARE TRANSLUCENT and help quickly identify contents inside this 8 oz atomizer spray bottle.'
 ""WE'RE THAT CONFIDENT THAT YOU'LL love your new 8-ounce body spray bottle and will continue to use MoYo Natural Labs plastic travel containers in the future.""
 ""OUR MIST SPRAY BOTTLE PROMISE If your body spray bottles for travel becomes compromised or leak in the first year *even if it is your fault* we'll replace your spray bottles, just let us know.""]",4.1,186,8.99,B08MVFKSQ8
1,5,All Beauty,"MoYo Natural Labs 8 oz Spray Bottles, Trigger Sprayer Empty Travel Containers, BPA Free PET Plastic for Essential Oils and Liquids/Cosmetics (3 pack, Candy Pink)",[],[],3.4,5,,B01DMUV4TU
1,5,All Beauty,"MoYo Natural Labs 8 oz Spray Bottles, Trigger Sprayer Empty Travel Containers, BPA Free PET Plastic for Essential Oils and Liquids/Cosmetics (Pack of 6, Purple)","['MoYo Natural Labs, PET plastic (also known as PETE and designated by a recyclable) does not contain BPA. This leak-proof plastic spray bottle BPA free set and made in the USA.'
 'MoYo Natural Labs plastic spray bottle 8 oz, reusable, refillable, washable plastic spray plastic bottle is a durable spray oil bottle. Industrial strength plastic spray bottle BPA free for liquids can be used for many of your house cleanings, traveling accessories, essential oil, hairspray and skin care needs including perfume and cologne; a safe plastic water bottle.'
 'Designed to last, MoYo Natural Labs 8 oz water bottles that spray will save you money and hassle.'
 'MoYo Natural Labs spray bottle 8 ounces is ideal as a hairdressing spray bottle and a plastic spray bottle for essential oils, essential skin, and body care products.'
 ""OUR PROMISE! If these bottles from MoYo Natural Labs become compromised or leak in the first year, we'll replace your hand spray bottle, even if it is your fault. We're that confident that you'll love your new 8-ounce body spray bottle and will continue to use MoYo Natural Labs 8 oz containers in the future.""
 'CLICK the ""Add to Cart"" button to order the MoYo Natural Labs spray bottle 8 oz Travel Bottle Set and travel bottle containers today!']","['BPA FREE MADE IN USA 8 oz reusable, refillable, washable plastic spray plastic bottle is a durable spray oil bottle. Beauty trigger mist spray bottles with reliable screw on mist spray trigger that give you peace of mind.'
 'NO LEAK GOOD GRADE 8 OZ bottle spray 8 ounce is ideal as a hairdressing spray bottle and a plastic spray bottle for essential oils, essential skin and body care products. 8 oz water bottles that spray mist will save you money and hassle.'
 '8 OZ FINE MIST SPRAY BOTTLE LOCKING mechanism prevents the 8 oz spray bottle from being used when activated. No harmful emissions during its production or during use'
 '8 OZ SPRAY BOTTLE ARE TRANSPARENT and helps quickly identify contents inside this 8 oz atomizer spray bottle. Designed to last, MoYo Natural Labs 8 oz water bottles that spray mist will save you money and hassle.'
 ""OUR PROMISE! IF THESE BOTTLES from MoYo Natural Labs become compromised or leak in the first year, we'll replace your hand spray bottle, even if it is your fault.""]",3.4,7,19.99,B01C2AN5IY
1,5,All Beauty,"MoYo Natural Labs 8 oz Travel Bottles, Empty Travel Containers with Disc Caps, BPA Free HDPE Plastic Squeezable Toiletry/Cosmetic Bottles (Pack of 8, HDPE Translucent White)","['MoYo Natural Labs, commercial grade plastic 8 OZ CONTAINER BPA free and made in the USA leak-proof travel size bottle set. MoYo Natural Labs HDPE bottles and shampoo containers are built to be re-used often, resisting rot and other chemicals. HDPE plastic creates no harmful emissions during its production or during use.At 8 oz, (236 ml) these squeezable, refillable, leakproof bottles guarantee you are buying the best no leak secure disc cap that stays shut when you need it to. Made of HDPE #2 plastic that\'s designed to last, our 8 oz industrial containers are perfect for all of your liquid toiletries, essential oil and beauty cosmetics. The benefits of HDPE EMPTY SHAMPOO BOTTLE Plastic:  - 8 oz empty conditioner bottles meet FDA guidelines with long-lasting non-toxic plastic for your empty shampoo bottle. - Feel safe and secure with reusing your bottles over a long period of time. - Large neck making it easy to fill the bottle. - Leak-proof bottle design prevents wasting any of your valuable toiletries. - Perfect for all of your toiletry or food or liquid items that you wish to store as no spill bottles in your luggage - OUR 8 OZ CONTAINER PROMISE! If these lotion bottles from MoYo Natural Labs become compromised or leak in the first year, we\'ll replace your small containers, even if it is your fault. We\'re that confident that you\'ll love your new large 8 oz bottle and will continue to use MoYo Natural Labs empty liquid dispenser in the future. CLICK the ""Add to Cart"" button to order the MoYo Natural Labs HDPE 8 oz shampoo bottle 8-ounce squeeze bottle today!']",[],5.0,1,,B072KCV7SK
1,5,All Beauty,"MoYo Natural Labs Turret Spout 8 oz Empty Liquid Bottle with Adjustable Dispenser (Pack of 2, Clear)",[],[],4.1,3,,B074S14776
1,5,All Beauty,"MoYo Natural Labs Turret Spout 8 oz Empty Liquid Bottle with Adjustable Dispenser (Pack of 6, Clear)",[],[],4.4,2,,B074W5SJFN
1,13,All Beauty,Mr.XZY Unicorn Galaxy Travel Makeup Train Case Makeup Bag Cosmetic Bag with Train Brushes Dividers Adjustable Jewelry Toiletry Portable Make Up Tools 2010078,[],[],5.0,1,,B081N23DK2
1,13,All Beauty,MyLadyMagic Makeup Organizer 360 Degree Rotating Cosmetic Storage Stand Box (Gold),[],[],3.8,15,,B07ZXW8X8G
1,13,All Beauty,NOTONEON Makeup Bag Toiletry Kit Organizer Portable&Waterproof Large Cosmetic Pouch Fashion Women Jewelry Bathroom Storage with Zipper&Drawstrings,"['Specifications:' 'Form:Round' 'Form:Round' 'Weight:50g' 'Weight:50g'
 'Diameter:56cm /22inch' 'Diameter:56cm /22inch'
 'Material:Oxford Waterproof Fabric' 'Material:Oxford Waterproof Fabric'
 'Reasons that lazy makeup Bag,a top choice:'
 '1.Whether it is used as a cosmetic bag, hand washing bag,travel bath kit - you can really make your package yours.Use it your way!'
 '2.Great organizer for office use and traveling,keep you important devices in reach.'
 '3.Lightweight,portable and fashionable makeup bag intended use for travel,luggage,mess kit.'
 'Notes:'
 '1.The real color of the item may be slightly different from the pictures shown on website caused by many factors such as brightness of your monitor and light brightness.'
 '2.Please allow slight manual measurement deviation for the data.']","['WATERPROOF MATERIAL:Scratch-resistant/Durable/Water-resistant Oxford Material,With Elegant Design Protects Your Item From Scratches,Dust And Accidental Dropping'
 'REFUSE DIRTY:You Do Not Have To Hunt For Your Cosmetics In A Messy Bag,It Can Unfold When You Can Not Find Something You Want,And Then Pack It Up.'
 'EXQUISITE CRAFTSMANSHIP:Traces Of Precision Lathe And Uniform Flat Package Greatly Improved Product Quality,Delicate Appearance Give A Better Visual Experience To You.'
 'CONSIDERATE DESIGN:The Inside Has Two Zipper Bags,The Outside Has A Mini Bag,You Can Place Some Small Objects Or Scissors Swabs And So On.Inside Space Large Enough To Put All The Daily Essentials Into The Single Bag.'
 'EASY TO TRAVEL:Diameter About 56cm/22inch.Foldable,Portable And Light Weight When Travelling. Perfect For Travel In Hotel, Household, Camping,Hiking,Fishing,Hunting,Backpacking,Sports, Boating or Mountain Biking']",4.1,19,,B077RWXVY9
1,5,All Beauty,Natural Concepts Hand Wash 6-Pack / 8 oz Pump Bottles,['Natural Concepts Hand Wash 6-Pack / 8 oz Pump Bottles'],[],4.8,148,7.95,B08W36QJ4B
1,13,All Beauty,Nick and Nora Set of 2 Vinyl Cosmetic Bags with One Travel Size Mirror in a Case,"['Nick and Nora set of 2 Cosmetic bags with one travel size mirror in a case Cosmetic bag set. Nick and Nora cosmetic bag set. set of 2 Cosmetic bags with one travel size mirror in a case Brand: Nick & Nora. Dimensions: 9x2x5, 8x2x3, Mirror 3.5x2.5. UPC: 771452307770']","['Nick and Nora set of 2 Cosmetic bags with one travel size mirror in a case'
 'Nick and Nora cosmetic bag set.'
 'set of 2 Cosmetic bags with one travel size mirror in a case'
 'Brand: Nick & Nora. UPC: 771452307770'
 'Dimensions: 9x2x5, 8x2x3, Mirror 3.5x2.5.']",5.0,1,,B019ZMHUHE
1,5,All Beauty,OKAY Tube colored edges black tube 0.5oz,[],[],5.0,2,8.24,B0781VBZV8
1,13,All Beauty,"Oacis Life Hanging Toiletry Bag | [2019 Updated] Makeup and Cosmetics Organizer for Bathroom, Home, School, Office, Travel and Gym | Waterproof, Lightweight, Durable",[],[],4.8,12,,B07QGXSM9T
1,13,All Beauty,Ottery Rose Red Waterproof Portable Travel Drawer Dividers Closet Organizers Bra Underwear Storage Bag Bra Bag Makeup Hand Bag Cosmetic Case,[],[],5.0,5,,B012ZV1YME
1,13,All Beauty,Oudain 2 Pieces Makeup Bag Music Lover Gifts for Women Canvas Cosmetic Bags I Am a Fans Zipper Cosmetic Pouch Graduation Birthday Gifts for Niece Sister Girls,[],[],4.7,5,,B0B11QBQJD
1,5,All Beauty,"PH PandaHall 10 Pack 1-Ounce (30ml) Black Aluminum Fine Mist Spray Bottles Platinum Metal Atomizer Bottles for Travel, Storage",[],[],4.5,18,,B07S6M2NMT
1,5,All Beauty,"Pack of 12 – Triangle Plastic Bottles with Lids - Empty Bottles for Liquids – Travel Containers with Lids and Labels – BPA Free Food Safe - Great for Shampoo, Lotion, Conditioner, Mouthwash (12 Oz)",[],[],4.8,8,,B084YYCPDM
1,5,All Beauty,Perfume Studio® Replacement Roller Tops for Roll-On Bottles with Stainless Steel Metal Balls (24 Units) - Fits Roll On Bottles with a .63 in / 16 mm Inner Neck,"['Replacement Roller Tops for Roll-On Bottles with Stainless Steel Metal Balls (24 Units) - Fits Roll On Bottles with a .63 in / 16 mm Inner Neck.'
 'IMPORTANT: DO NOT USE METAL ROLLERBALLS WITH FRACTIONATED COCONUT OIL OR BLENDS THERE OF. These Stainless Steel Rollers are perfect for PURE and UNDILUTED essential oils. However if you’re using Fractionated Coconut Oil to dilute or blend with other oils, the metal ball may pop out since Fractionated Coconut Oil acts as a Metal Lubricant and will loosen the roller balls']","['Set of 24 Units of stainiless steell ball applicators roller tops.'
 'Will only work on 16mm / .63 inches inner neck bottles'
 'Please make sure it will fit your bottles before you buy!'
 'Unlike plastic balls, metal balls ensures a smooth application on your skin.'
 'IMPORTANT: DO NOT USE METAL ROLLERBALLS WITH FRACTIONATED COCONUT OIL OR BLENDS THERE OF. These Stainless Steel Rollers are perfect for PURE and UNDILUTED essential oils. However if you’re using Fractionated Coconut Oil to dilute or blend with other oils, the metal ball may pop out since Fractionated Coconut Oil acts as a Metal Lubricant and will loosen the roller balls']",4.0,4,,B00R8VLG70
1,5,All Beauty,"Phoenix Alcohol Prep Pads - Medium Sized, 100 Count",[],[],4.6,28,4.75,B0861NN4B8
1,13,All Beauty,"Portable Multifunctional Fully Open Makeup Organizer, Drawer Makeup Storage Box Desktop Sundry Storage Case,Waterproof&Dustproof Cosmetic Box",[],[],4.4,13,,B08P38W5K2
1,13,All Beauty,"Portable Multifunctional Fully Open Makeup Organizer, Drawer Makeup Storage Box Desktop Sundry Storage Case,Waterproof&Dustproof Cosmetic Box",[],[],3.7,15,,B08P39KF2Z
1,5,All Beauty,"Portable Travel Bottle Leather Hand Sanitizer Holder Keychain and Door Opener Tool, 30ml Flip Cap Refillable Empty Squeeze Bottle Containers for hand sanitizer, Soap, Lotion, Liquid",[],[],3.8,10,,B08GK9SR9D
1,5,All Beauty,"Portable Travel Bottles Set 4 in 1 with Labels TSA Approved Refillable Containers Perfect for Business or Personal Travel, Fun Outdoors (Gray)",[],[],3.6,2,,B07YSC7V2R
1,5,All Beauty,"Portable Travel Bottles, 2oz/50ml Travel Plastic Clear Keychain Bottles Empty Hand Sanitizer Keychain Holder Leakproof Refillable lotions Containers with Flip Cap for Shampoo Body Wash Liquids(6PCS)",[],"['Capacity: 50ml, set of 6 empty bottles for lotions Shampoo Body Wash Liquids with screw-on, flip-cap tops (There is a silicone funnel and two spare lids inside)'
 'Convenient flip cap makes it easy to dispense, soft PETG material allows you to easily squeeze out that last drop of Liquids'
 'Perfectly portable on-the-go companions, easily attaches to your backpack, stroller, gym bag, key ring and more!'
 'These keyring bottles are small enough to take through airport security so you can travel happy, with the strong flip cap keeping the sauce/lotions safe'
 'These travel bottles are perfect for various cosmetics, toiletries portable, camping accessories, they can be used to store liquid soap, sauce and lotions, creams and many more, they’re durable, reusable and environmentally friendly']",4.2,589,,B089MBBX9N
1,13,All Beauty,"Portable Travel Makeup Cosmetic Bag Organizer Waterproof Toiletry Bags With Handle and Zipper (Medium, Purple)",[],[],4.5,78,,B081DKVN4M
1,5,All Beauty,"Premium Quality New Empty Clear Plastic Cosmetic Containers 5 Gram Size Jars Pot Eyeshadow Container Lot Size: Diameter: 1 1/4"" inch X Height: 3/4 inch. (Comes With 1 Free Myo Eyeshadow Sample) (10 Pieces)",[],[],1.4,2,6.99,B00KQIFUGA
1,8,All Beauty,Press on Nails Packaging Bags Pink 50pcs Empty Holographic Resealable Bag Display Cardstock Handmade DIY Small Business,[],"['Protect Nail Art: Convenient to use with sealing strip, helpful to keep water, moisture dust and odors out, save your effort, keep things organized and clean. Resealable little bags for small business are made of quality film, durable and shining, reusable and safe for shipment or storage.'
 'Dress up DIY nails: These holographic bags are made of quality metalized film, durable and shining, which provide you fantastic rainbow colors effect. Surprise your customer with this complete set for displaying and creating press on nails for small business.'
 'Beautiful Touch to Press Ons: With the white card stock to display your nails arts, Shinning effects & different colors from different views will makes your items more professional and dazzling. Beautiful package helps your business.'
 'Ziplock & Sealed: The packaging bag comes with premium tight resealable ziplock,helpful to keep all water and moisture out and any odors. Keep things organized and clean.'
 'Small Business Packaging Supplies: Ideal for packing manicures, eyelashes, ear studs, etc., one of the best display straps and organizers for traveling and daily storage to showcase your creations. It is a must-have display storage bag for daily nail pressure, eyelashes, and nail salon owners.']",4.6,8,,B09Z2LLWH8
1,5,All Beauty,Pro Sanitize-Hand Sanitize Cleaning Gel - 1PK 8 fl oz Press Cap Bottle,[],[],4.0,52,,B086RFQJXY
1,13,All Beauty,"Professional Makeup Artist Tool Belt, Cosmetics Organizer with Zippered Pockets and Brush Holders",[],[],4.5,70,,B01MQ6G38W
1,13,All Beauty,Pure Magic 60 Pack Compressed Expandable Towel Wipes Tablets In Travel Dispensers,[],[],4.5,2,,B01MR7YXNQ
1,5,All Beauty,"Purell Instant Hand Sanitizer Refills, Unscented, 2000 mL Refill Bags, Case of 4",[],[],5.0,3,,B07BZWZ1DS
1,5,All Beauty,"Quality Sense Travel Liquid Holder with multiple key chains, Scratch resistant leather, toiletries. Leak proof 30 ml refillable bottles for lotion, sanitizer with fold-able funnels (Pink & Blue)",[],[],4.0,12,,B08KT7BLRG
1,13,All Beauty,R HORSE 5 Packs Beauty Sponge Travel Case Set Makeup Sponge Case Foundation Makeup Sponges Makeup Blender Holder Carrying Case(1pc Sponge Case+2pcs Beauty Sponge+1pc Sponge Holder+1pc Velvet Pouch),[],[],4.5,52,,B07T286DH5
1,5,All Beauty,"RONRONS 10 Pieces Empty Refillable Lip Gloss Tube With Silk Ribbon, 9ML Blue Lip Glaze Oils Bottles with Wand Brush, Portable Lip Oil Samples Vials Containers Holder for Travel DIY Makeup Wholesale",[],[],4.0,17,,B087JJ46R9
1,5,All Beauty,RONRONS 20 Pieces 2.5ML Empty Lip Gloss Tubes Containers Mini Refillable Lipgoss Balm Bottles with White Caps for Lipstick Samples Travel Accessory,[],[],3.8,5,,B08CBRQK5Q
1,4,All Beauty,Realdios 26 Hole Makeup Brush &Nail Art Brushes Holder Organizer Tree Brush Dryer Folding Collapsible Air Drying Tower Storage Rack (Pink-26 hole),[],[],4.7,3,,B073P5HNH9
1,5,All Beauty,Revel Dip Powder 1 oz Starter Kit with 4 Liquid Bottles - DP234 Hijinks,[],[],3.1,7,,B079ZL57KC
1,5,All Beauty,Revel Dip Powder 1oz Starter Kit with 3 Liquid Bottles - D105 Lovely,[],[],2.0,1,,B07PX473R6
1,13,All Beauty,Rough Enough Clear Cute Big Pencil Case for Girls Makeup Organizer Toiletry Bag for Men Women Boys with TSA Stadium Approved Transparent EDC Pouch with Handle for Stationary Art Supplies Travel Bottle,[],"['Clear Cute Pencil Case Pouch Bag with Make Up Organizer, Clear Toiletry Bag, Pill Organizer, Art Supplies Case and Purse Tote Insert Organizer function is made of durable high quality TSA Stadium compliant thick Eco-Friendly water resistant PVC fabric with professional workmanship stitching, stylish name tag label, strong web handle and smooth YKK zipper puller pulls for your easy and quick use. Maximum capacity for 100 pcs standard pens and pencils. Size: 9 x 4 x 2.5 inch'
 'TSA Approved Toiletry Bag Features: One zipper closure compartment and name tag label on front. Durable and easy clean material is definitely tear and wear resistant for almost all outdoor sports, classy simple color and design as case insert compartments for your backpacks, gym duffle, school bags, tote or fashion shoulder bag. Clear view is easy for you to store and find stuff inside and use for security checkpoint'
 'Multi Function: Perfect to use as a big pencil case, clear cosmetic bag, clear makeup bag, clear sundries bag, car kit bag, organization bags, travel accessories bag, artist bag, brush bag, electronics accessories bag like adapter pouch, zipper pouch, pens bag etc. Perfect size for storing small tools, electronic accessories like mobile cable adapters, sockets, universal charger, mobile SSD drive. Stationery like pens, pencils, markers, art supplies, travel kit like travel toiletry, makeup'
 'Widely in Use: Daily use and outdoor use for teen boy, teen girl, men, women, student, worker, commute, traveler on sports activities like swimming, yoga, gym, indoor and outdoor sporty activities, backpacking, hiking, camping, school, workplace, car driving, transport, trip, study tour etc. Stylish looking suits everyone, easy match with fancy fashion look'
 'Funny Cool and Unique Gifts: Good choice as unique gifts for girls, boys, teens, kids, men, women, adults. Great for self-using and greeting your friends and families as mens gifts, women gifts, teen girls and boys gifts, kids gifts, funny gifts, best friend gifts, travel gifts, birthday gifts, Thanksgiving gifts, Christmas gifts, graduation gifts, holiday gifts, teacher gifts, college student gifts, artist gifts, school gifts, office gifts, thank you gifts, eco friendly gifts']",3.5,6,,B00J9CS49Y
1,13,All Beauty,"SEAAN Bag Box Within 3 Mins for Cell Phone, Jewelry, Beauty Tools, Portable (Gray)",[],[],3.8,14,,B086JT86YS
1,13,All Beauty,SOAEON Dopp Kit Toiletry Bag Organizer Wash Hanging Travel for Bathroom Shower (Gray),[],[],4.8,25,,B07Y8FRSLS
1,14,All Beauty,"SODIAL Nail Polish Organizer Holder,Portable Universal Clear Double Side Organizer and Thread Storage Ca for 48 Bottles Adjustable Dividers Space Saver",[],[],1.0,1,,B07JZ2QVZN
1,13,All Beauty,SZTARA Hanging Cosmetics Bag 10 Pockets Travel Zippered Transparent Clear Makeup Toiletry Organiser Packing Storage Kit,[],[],1.5,2,,B01KVB8Y0K
1,5,All Beauty,Schwarzkopf Pumps for Liter Bottles,[],[],4.4,26,,B000NU2ORY
1,5,All Beauty,"Sedioso 2.9oz travel bottles,8-Pack BPA Free,TSA Approved Leakproof Silicon Travel Containers,Refillable,Squeezable Travel Size Cosmetic Toiletry Container Sets For Shampoo Liquids, Lotion Soap,Powder",[],[],4.9,10,9.99,B07TK1JJ37
1,5,All Beauty,Segbeauty empty bottle 742,[],[],4.5,17,,B09S3QCHD8
1,13,All Beauty,Seya Beauty Mini Makeup Train Case,[],[],3.4,11,,B01AAYRMUQ
1,13,All Beauty,Seya Beauty Pro Makeup Train Case with Dual Tray Removable & Adjustable Plastic Dividers (Black with Silver Trim),[],[],4.3,7,,B01BFLYDVO
1,5,All Beauty,"Silicone Travel Bottle Leak Proof Soft Squeezable Refillable Travel Containers,37ml/1.25oz,set of 4 Color",[],[],4.4,2,,B01D5X32SU
1,5,All Beauty,Softsided 6-Can Cooler with Removable Hardliner (Black),[],[],5.0,3,,B00NLQGNJM
1,5,All Beauty,"Spray Bottle,Fine Mist Mini 60ml/2oz Spray Bottles,Small Reusable Empty Plastic Bottles with Atomizer Pumps 24 pack (Amber)",[],[],4.2,159,,B08BL7QSZP
1,5,All Beauty,Spray Bottles,[],[],4.1,22,,B08F267F6F
1,5,All Beauty,"Sprayco Jc 3 Clear Jar With Leakproof Lid, 3 Ounce",[],[],4.6,6,,B00TKM6JZY
1,13,All Beauty,StylesILove Barrel Shaped Travel Dresser Makeup Bag Cosmetic Storage Organizer 3-piece Set - 6 Colors (Light Yellow),[],[],2.0,1,,B06WD1XJ82
1,13,All Beauty,"Sumnacon Unisex Travel Toiletry Bags Organizer, Washable Bathroom Storage Hanging Cosmetic for Household Business Vacation, Multi Compartments, Portable Hanging Hook, Waterproof Lining (Blue)",[],[],3.7,22,,B01D1D41N4
1,13,All Beauty,"Syntus 2 Layers Travel Makeup Bag with Mirror, Portable Train Cosmetic Case Organizer with Adjustable Dividers Large Capacity for Cosmetic Makeup Brushes Toiletry Jewelry Digital Accessories, Black",[],[],4.5,222,,B08DCZ2NR4
1,0,All Beauty,TOOPOOT Camouflage Pen Bag Pencil Case Pouch StationeryBags Cosmetic Bag (a),[],[],4.0,1,,B01LCL6MA2
1,5,All Beauty,"TRENDBOX Soap Dispenser Pump Bottles (4 Pack 16oz/500ml) Shampoo Dispenser Empty Plastic Amber Pump Bottles for Essential Oils, Shampoo, Toner, Lotion, Cream, Hand Sanitizer",[],[],4.3,6,,B08CV3S9L3
1,13,All Beauty,Taco Cat Travel Bag,[],[],3.8,4,,B0186C71NC
1,13,All Beauty,"Tammy Taylor Beauty Gripper | Patent-Pending Makeup Sponge Blender Holder, Gripper & Drying Stand All in One | Perfect Travel Size | Made in USA",[],[],3.4,2,,B08Y3VS33V
1,5,All Beauty,"TanzDom 6 Pcs Travel Bottle Hand Sanitizer Holder Keychain Set, 6 Chapstick Holder, 6 Wristlet Keychain Lanyards, 6 Plastic  Empty Bottles with Hand Sanitizer Holder Travel Accessories for Women",[],"['【Package Include】: You will get 6 pieces chapstick holder keychain, 6 pieces wristlet keychain lanyard, 6 pieces plastic empty bottles with hand sanitizer holder keychain, it is convenient to hang on bag, key ring, purse hardware, backpack and bags.'
 '【Durable material】 The lipstick holder keychain, the wristlet keychain lanyard and hand sanitizer holder keychain are made of neoprene material, it is soft and flexible,not easy to fade and break down.'
 '【Attractive Patterns】These chapstick holders keychain with wristlet lanyard are designed with six kinds of galaxy patterns. Various styles for you to use and replace, also suitable for you to share with your friends.'
 '【Appropriate Size】: Your hand sanitizer holder keychain pouch is 4 x 2.38” to fit standard 30ml / 1oz hand sanitizer empty bottle. Compatible with Chapstick size, the lipstick holder is about 10*5.5cm/ 4*2.2inch, and the wristlet keychain lanyard is about 14cm/5.5inch.'
 '【Perfect Gift Idea】The travel bottle holder keychain Set is suitable for women,daughter,girls,employees,teen, kids. Chapstick holder keychain and wristlet keychain lanyard will show your personality and nice taste, easy to carry. The hand sanitizer holder keychain can make us safe during this special time.']",4.7,346,,B092SJMFKL
1,5,All Beauty,Teenitor Beauty DIY Mask Mixing Tool Set with Hearted-mask Bowl Spatula Brush Spray Bottle Puff Soaking Bottle Gauges 9 in 1 Set Pink,[],[],4.1,24,,B073TS5L3Y
1,5,All Beauty,Teensery 5 Pcs 4ml Empty Clear Mascara Tube Eyelashes Wand Tube Vials Bottle Container With Plug,[],[],3.4,10,,B015PKP892
1,13,All Beauty,"Toiletry Bag Dopp Kit for Men, SCORLIA Premium Nylon Travel Bathroom and Shower Organizer Waterproof Shaving Bag for Toiletries Accessories, Personal Items - Grey",[],[],4.6,35,,B089K94HNF
1,13,All Beauty,"Tool Bag - 9"" Zipper Pouch for Pencils, Tools, Cosmetics and More",[],[],5.0,13,,B07D42H4BS
1,5,All Beauty,Travel Bottles Keychain Holder - 2 Pieces/Set 30ML Empty Refillable Bottles Hand Sanitizer Holder Leather Keychain Holder Refillable Container Flip Bottle With Carrier(Red+Blue),[],"['Travel Friendly - 1 oz empty travel small bottle with leather holder pouch can clips to backpack, keychain and diaper bag.'
 'Squeeze Design - Portable refillable travel squeeze bottles set prefect for toiletry, lotion soap and so on.'
 'Leakproof & Clean - Tight seal prevent leakage, hard plastic material and leather holder pouch protect bottle safe, flip head design keep liquid clean.'
 'Scratch Free – Hard plastic material bottle and leather holder pouch guarantee bottles without any scratches in shipping and daily use.'
 'Unique Leather Pouch Design - Travel bottles provide leather holder pouch can decor your bottle and prevent from sun. Two color make it easier for you to identify your needed bottle.']",4.0,48,,B08J2M414S
1,5,All Beauty,"Travel Bottles Set for Toiletry, SoulBay 9-Piece TSA Approved Leakproof Toiletries Bag Containers Kit for Airplane Women Cosmetic Shampoo Conditioner Body Lotion Liquids Makeup Accessories",[],"['✅ Refillable & Reusable: The travel toiletries bottles are easy to fill your liquids makeup and store, bring much convenience for travel, vacation and business trip, washable for multiple uses.'
 '✅ Leak-Proof Containers - The travel bottles are made of premium quality silicone and corrosion-resistant, the dropper comes with 1ml capacity calibrated for essential oils, ear and eye medicine.'
 '✅ TSA approved Travel Bottles: These toiletry bottles can meet the Capacity Requirements of carry-on liquids on the Airplane, making your travel more smooth and hassle-free. (Note: All Items are NEW, Recommended to Clean before First Use.)'
 '✅ Great Gift for Women - It’s not convenient to bring a lot of cosmetics while travelling outside. The clear resealable bag can neatly store items will be using during the journey, making it easy to find.'
 '✅ Package Included: the travel-size kit includes 2pcs 38ml/1.28oz silicone bottles, 2pcs 60ml/2oz silicone bottles, 2pcs 80ml/2.7oz silicone bottles and 2pcs 1ml glass dropper bottles.']",3.3,5,,B09TB35RBS
1,5,All Beauty,"Travel Bottles, Xboun Leakproof Silicone Refillable Travel Containers, 3 oz TSA Approved Squeezable Travel Tube Sets 4 Packs for Shampoo Lotion Soap (Yellow)",[],[],4.8,23,,B07FF565JC
1,5,All Beauty,"Travel Plastic Clear Bottles with Silicone Sleeve,10 Packs Transparent Leakproof Empty Squeeze Containers with Flip Cap for Liquids Toiletries Shampoo Lotion Conditioner(60ml/2oz) (10 Pcs)",[],[],4.5,50,,B087NCX855
1,13,All Beauty,Travel Toiletry Bag for Men Women Bathroom Shaving Dropp Kit Waterproof Large Organizer Cosmetic Bag (black),[],[],4.0,10,,B0836M4JN8
1,13,All Beauty,"Travel Toiletry Bag for Men and Women, Waterproof Dopp Kit, Hanging Makeup Organizer for Nail Polish, Razor, Toiletries, Makeup, Bathroom",[],[],3.7,16,,B082KQRQDZ
1,11,All Beauty,"Travel Toothbrush Case - 5 Pack Portable Breathable Toothbrush Holder Plastic Toothbrush Cover Dust-Proof Toothbrush Storage Box for Travel, Business, Home, Camping, School",[],[],5.0,2,,B07YHLJJKZ
1,13,All Beauty,TravelMore Large Hanging Toiletry Bag Travel Cosmetic Kit - Large Essentials Organizer - Sturdy Hook Makeup Bag - Heavy Duty Waterproof (Black),[],[],4.4,24,,B07B8CN1MZ
1,5,All Beauty,"Trendbox 1oz Clear Empty Fine Mist Plastic Bottles Refillable PET BPA-Free Travel Containers For Cleaning, Perfume, Liquids 96 Pack with 96 Labels, 32 Funnels, 32 Pipettes",[],[],5.0,4,,B08F9W392G
1,13,All Beauty,UNI Sailor Moon Style Cosplay Costume Makeup Bag,"['Material: Canvas , polyester . Size: Upper length 7.9"" (20cm), lower length 4.9""(12.5cm), Height 5.7""(14.5cm), Width 2.7""(7cm). Great to store your everyday essentials in Portable for easy carry Funny and good-looking. A very good life decorative accessory.']","['Material: Canvas , polyester .'
 'Size: Upper length 7.9"" (20cm), lower length 4.9""(12.5cm), Height 5.7""(14.5cm), Width 2.7""(7cm).'
 'Great to store your everyday essentials in .'
 'Portable for easy carry Funny and good-looking.'
 'A very good life decorative accessory.']",4.5,9,,B07CXWD5DG
1,13,All Beauty,US Acrylic Large Clear Plastic Makeup Organizer with Removable Compartment | Signature Collection,[],[],4.3,162,,B005X5SHJS
1,13,All Beauty,Voberry Large Size Clothing Storage Boxes Quilts Sorting Pouch Underwear Socks Organizer Bags Bins (Rose),[],[],1.0,1,,B00XHKYWGS
1,5,All Beauty,"Whole Foods Market, Blue Plastic Bottle with Pump Top, 4 fl oz","['Calling all of our fellow food enthusiasts! When it comes to innovative flavors and products sourced from artisans and producers around the world, the Whole Foods Market brand has you covered. Amazing products, exceptional ingredients, no compromises.']","['Brought to you by Whole Foods Market. When it comes to innovative flavors and products sourced from artisans and producers around the world, the Whole Foods Market brand has you covered. Amazing products, exceptional ingredients, no compromises.'
 'Not for food use.' 'Bottle made in USA.' 'Pump made in China.']",4.3,43,4.49,B07BM99ZD1
1,13,All Beauty,WishLotus Portable Travel Makeup Bag Waterproof Double-layer Large Capacity with Mezzanine and Zipper Multi-function Cosmetic Case Organizer with Adjustable Compartments (Pink),[],[],4.0,33,,B07FNJ1LH5
1,0,All Beauty,World Traveler Black and White Peace Sign Makeup Brush Bag 10-inch,[],[],3.3,5,,B0045JEH5G
1,5,All Beauty,XMASIR Multi Purpose Precision Applicator Set 1 Oz. Henna Bottles Kit with Caps and Needle Tips Sizes (4 Bottles 16 Tips),[],"['1).The 16 Nozzles have different size from Big to Small Inner diameter: 0.41mm-1.20mm;There are 4 30 ml bottles in the 4 bottle set, and 2 30 ml bottles in the 2 bottle set. There are 16 needles in the package.'
 '2).Material: Plastic + Stainless steel; Easy squeeze Bottles for use with Henna, Jagua, paint, glue, silk dyes and more. Soft Squeeze Art Craft Applicator Dispensing Syringe Bottles.'
 '3).16 Tips for wide range of applications and are easily replaceable (Unlike other Bottles).'
 '4).The 1 ounce (30 ml) 30ml bottle holds enough henna for about 15 small designs']",4.3,458,9.99,B01N2YLFVE
1,5,All Beauty,"YanHuang 250ml (8.5oz) Clear Empty PET Plastic Foaming Dispenser Pump Bottles, BPA-FREE Bathroom Containers for Wash Dishes, Lotion, Shampoo, Shower Gel etc. Set of 4.",[],[],3.7,74,,B08BLQ7J1P
1,5,All Beauty,"Youngever 18 Pack Rainbow Color Essential Oil Roller Bottles with Stainless Steel Roller Balls in 9 Colors, Opener, 2 Clear Transfer Pipettes, 2 Mini Funnels and Extra Roller Ball",[],"['ROLLER BOTTLES - Total 25 Items, 18 Rainbow Color Essential Oil Roller Bottles (0.34oz) with Stainless Steel Roller Balls in 9 colors. Comes with Bonus Tools including 1 opener, 2 clear transfer pipettes, 2 Plastic Mini Funnels and 2 Extra Roller Balls.'
 'STAINLESS STEEL ROLLER BALLS - The rollers are made of Stainless steel, which is corrosion resistant and well-made. The tightness prevents any sort of leakage. With our complimentary opener, the bottle can easily be disassembled and filled.'
 'ESSENTIAL OIL CONTAINER - Perfect for essential oils, perfume oils, or other liquid'
 'PROTECT FROM UV LIGHT - Colored glass maintains liquid that is sensitive to light']",4.4,364,16.99,B07DV4WG46
1,13,All Beauty,YuanKanJu Waxed Canvas Shaving Dopp Kit Travel Toiletries Bag - Green,[],[],5.0,7,,B01IXYXYQ6
1,6,All Beauty,ZEN Classic Black Makeup Case / Organizer / Cosmetic Case,[],[],3.9,5,,B017AGA6QY
1,13,All Beauty,Zhoma 3 Piece Cosmetic Bag Set - Makeup Bags And Travel Case - Blue,[],[],4.6,6,,B071D86YGD
1,13,All Beauty,Zipper Pouch Bag School Travel Arts-n-Crafts Large and Medium Neon Green (Pack of 2),[],[],1.0,1,,B01KNQP4CE
1,5,All Beauty,"Zmarthumb - 12 Pack 2 oz (60ml) Flip Cap Bottles, Cabin Baggage Accept Size Clear Refillable Containers, Cosmetic, Toiletry Bottles for Traveling, All liquids, Shampoo, Lotion, Cream, Toner, Gels, etc",[],[],3.7,19,,B08KRXBQQ5
1,5,All Beauty,[SNP] Ampoule Mask 25ml Pack of 10 (5 Type x 2),[],[],4.0,15,,B01L8REPS6
1,5,All Beauty,"bkr Glass Water Bottle, Royal Purple",[],[],3.9,27,,B01L6QFLQ4
1,5,All Beauty,"plastic spray bottle, 4 Pack 2oz/50ml Clear Empty Fine Mist Spray Bottle Set, Refillable Liquid Containers, travel size spray bottle",[],[],4.2,29,,B088YWG24H
1,13,All Beauty,tingbowie Retainer Case with Mirror Retainer Container Partial Denture Storage Box Denture Bath Case Cup Box Holder Storage,"['Characteristic: 1. These retainer cases are well ventilated, dry and breathable, not prone to bacteria, and stored hygienic 2. These cases are resistant to temperature, drop and have a long service life 3. These storage cases are small and light, take up little space, and are convenient to carry or store Specifications: Material: PE Color: white Size: 7.8×8.0×2.5 cm/3.1×1.0×3.1 inch Weight:84g']","['Size: 7.8×8.0×2.5 cm/3.1×1.0×3.1 inch'
 'Made of premium material, the denture storage container is durable and long lasting use. It can keep your denture clean. The small size design makes it more convenient for you to carry when you are outside. With mirror, you can wear your fake teeth more easily.'
 'GOOD HYGIENE: 8 small holes are designed on the upper and lower sides of the entire retainer case, so that the designed box can be dry and breathable, and it is not easy to breed bacteria, so that it is more clean and hygienic during use'
 'SAFE DESIGN: The lock design of the case is tight, which can effectively prevent the accidental opening of the braces box and solve your troubles during storage'
 'MULTIPLE USES: The box is very light and small, so these retainer cases are very convenient to carry. The box is suitable for storing most fixtures, orthodontics, dentures, earplugs and other small objects'
 'Unit count type: Count']",4.2,12,,B09571GM3R
